-- MySQL dump 10.14  Distrib 5.5.47-MariaDB, for Linux (x86_64)
--
-- Host: localhost    Database: g7platform
-- ------------------------------------------------------
-- Server version	5.5.47-MariaDB

/*!40101 SET @OLD_CHARACTER_SET_CLIENT=@@CHARACTER_SET_CLIENT */;
/*!40101 SET @OLD_CHARACTER_SET_RESULTS=@@CHARACTER_SET_RESULTS */;
/*!40101 SET @OLD_COLLATION_CONNECTION=@@COLLATION_CONNECTION */;
/*!40101 SET NAMES utf8 */;
/*!40103 SET @OLD_TIME_ZONE=@@TIME_ZONE */;
/*!40103 SET TIME_ZONE='+00:00' */;
/*!40014 SET @OLD_UNIQUE_CHECKS=@@UNIQUE_CHECKS, UNIQUE_CHECKS=0 */;
/*!40014 SET @OLD_FOREIGN_KEY_CHECKS=@@FOREIGN_KEY_CHECKS, FOREIGN_KEY_CHECKS=0 */;
/*!40101 SET @OLD_SQL_MODE=@@SQL_MODE, SQL_MODE='NO_AUTO_VALUE_ON_ZERO' */;
/*!40111 SET @OLD_SQL_NOTES=@@SQL_NOTES, SQL_NOTES=0 */;

--
-- Table structure for table `Account_g7group`
--

DROP TABLE IF EXISTS `Account_g7group`;
/*!40101 SET @saved_cs_client     = @@character_set_client */;
/*!40101 SET character_set_client = utf8 */;
CREATE TABLE `Account_g7group` (
  `id` int(11) NOT NULL AUTO_INCREMENT,
  `name` varchar(80) NOT NULL,
  `date_of_birth` date NOT NULL,
  `creator_id` int(11) NOT NULL,
  PRIMARY KEY (`id`),
  UNIQUE KEY `name` (`name`),
  KEY `Account_g7group_3700153c` (`creator_id`)
) ENGINE=InnoDB DEFAULT CHARSET=utf8;
/*!40101 SET character_set_client = @saved_cs_client */;

--
-- Dumping data for table `Account_g7group`
--

LOCK TABLES `Account_g7group` WRITE;
/*!40000 ALTER TABLE `Account_g7group` DISABLE KEYS */;
/*!40000 ALTER TABLE `Account_g7group` ENABLE KEYS */;
UNLOCK TABLES;

--
-- Table structure for table `Account_g7group_permissions`
--

DROP TABLE IF EXISTS `Account_g7group_permissions`;
/*!40101 SET @saved_cs_client     = @@character_set_client */;
/*!40101 SET character_set_client = utf8 */;
CREATE TABLE `Account_g7group_permissions` (
  `id` int(11) NOT NULL AUTO_INCREMENT,
  `g7group_id` int(11) NOT NULL,
  `permission_id` int(11) NOT NULL,
  PRIMARY KEY (`id`),
  UNIQUE KEY `Account_g7group_permissions_g7group_id_8e6baf2d_uniq` (`g7group_id`,`permission_id`),
  KEY `Account_g7group_per_permission_id_3d040a3d_fk_auth_permission_id` (`permission_id`),
  CONSTRAINT `Account_g7group_permis_g7group_id_2d4d16e1_fk_Account_g7group_id` FOREIGN KEY (`g7group_id`) REFERENCES `Account_g7group` (`id`),
  CONSTRAINT `Account_g7group_per_permission_id_3d040a3d_fk_auth_permission_id` FOREIGN KEY (`permission_id`) REFERENCES `auth_permission` (`id`)
) ENGINE=InnoDB DEFAULT CHARSET=utf8;
/*!40101 SET character_set_client = @saved_cs_client */;

--
-- Dumping data for table `Account_g7group_permissions`
--

LOCK TABLES `Account_g7group_permissions` WRITE;
/*!40000 ALTER TABLE `Account_g7group_permissions` DISABLE KEYS */;
/*!40000 ALTER TABLE `Account_g7group_permissions` ENABLE KEYS */;
UNLOCK TABLES;

--
-- Table structure for table `Account_g7user`
--

DROP TABLE IF EXISTS `Account_g7user`;
/*!40101 SET @saved_cs_client     = @@character_set_client */;
/*!40101 SET character_set_client = utf8 */;
CREATE TABLE `Account_g7user` (
  `id` int(11) NOT NULL AUTO_INCREMENT,
  `password` varchar(128) NOT NULL,
  `last_login` datetime DEFAULT NULL,
  `date_of_birth` date NOT NULL,
  `is_active` tinyint(1) NOT NULL,
  `is_admin` tinyint(1) NOT NULL,
  `userid` varchar(100) NOT NULL,
  `email` varchar(255) NOT NULL,
  `username` varchar(255) NOT NULL,
  `sex` varchar(15) NOT NULL,
  `thumb` varchar(100) NOT NULL,
  `age` int(11) NOT NULL,
  `expires_time` datetime DEFAULT NULL,
  `usignature` varchar(100) NOT NULL,
  `nickname` varchar(255) NOT NULL,
  `clientid` varchar(100) NOT NULL,
  `realname` varchar(255) DEFAULT NULL,
  `job` varchar(100) NOT NULL,
  `mobile` varchar(50) DEFAULT NULL,
  `description` longtext,
  `email_vip` tinyint(1) NOT NULL,
  `mail_pwd` varchar(200) DEFAULT NULL,
  PRIMARY KEY (`id`),
  UNIQUE KEY `email` (`email`),
  UNIQUE KEY `username` (`username`)
) ENGINE=InnoDB AUTO_INCREMENT=62 DEFAULT CHARSET=utf8;
/*!40101 SET character_set_client = @saved_cs_client */;

--
-- Dumping data for table `Account_g7user`
--

LOCK TABLES `Account_g7user` WRITE;
/*!40000 ALTER TABLE `Account_g7user` DISABLE KEYS */;
INSERT INTO `Account_g7user` VALUES (1,'pbkdf2_sha256$24000$4pTGidvogU6t$hCsoyePgxaem0FFqEm+3KiOgUsoSvtO5PBjinIl/kPw=','2016-11-18 06:20:02','2016-07-28',1,1,'','root@gao7.com','root','man','/media/user/thumbnails/default_thumb.png',0,'2016-07-28 06:50:14','','','','','暂无岗位','','',0,''),(2,'pbkdf2_sha256$24000$Fb7yt8FIxGhI$jiGiKInUIqNvknq1Je9mF81uZfklCaDguo4OcnjqRhE=','2017-02-07 03:53:29','2016-12-22',1,1,'4ac894e01bd93c8088d933df5a91d1d1','2851728841@qq.com','378','man','/media/user/thumbnails/default_thumb.png',0,'2016-07-28 08:23:24','ce48d0143fea34f990851be64a884574','','8df381ab121d31838f4672f661fd4e05','余洋','iOS工程师','15659731452','',1,''),(3,'pbkdf2_sha256$24000$5vun0UGqs9Ou$+Q8aEzaJiZNyQ9TFBwy8JhTjI6Gssd9DyHz0Rc2QFUk=','2016-08-18 05:37:22','2017-02-10',1,1,'356c0f4af43d3c8682a0d7b4fac88c30','2851728855@qq.com','595','man','/media/user/thumbnails/default_thumb.png',0,'2016-07-28 08:42:22','431e1ec2adc630a7a45c0377db3564ee','','d6b6187853c9332db91705fe37612dbe','陈冷耀','测试工程师','','',0,''),(4,'pbkdf2_sha256$24000$mRX3VzphuU01$e/wiyBmmRLsdidzx/kYlWSB8DouMlZaysVqstnSsK+4=',NULL,'2016-08-08',1,1,'2622e18cea3a3ed5a3c5d804d48ac356','2851728796@qq.com','109','man','/media/user/thumbnails/default_thumb.png',0,'2016-07-28 08:44:58','5a2a3d3f1c7a3b3c93e2a05f937d1bf1','','ddc9b927e94b32b1b00efef17dbf5589','朱如钢','副总裁兼应用事业部总监','','',0,''),(5,'pbkdf2_sha256$24000$1GqFvNSENafY$Oov6n1fBwh2ZBxGhdMMHNg3R3ex/ou6jsa8uIaImd08=',NULL,'2017-01-04',1,0,'9e0a571ca7ed3e14a3a8fb18e12c47fe','2851728865@qq.com','1160','man','/media/user/thumbnails/default_thumb.png',0,'2016-07-28 08:45:18','938cde84be7c30a58d8c62cd773bacb2','','a4c87eddae483b1ebe7759236fee7bfb','陈昕','设计总监','','',0,''),(6,'pbkdf2_sha256$24000$VKLXJZPia3Gy$sa8w3e3eLWI1v0EyH6qxlrB2F2JpDKy298N3xh2b68E=',NULL,'2016-08-01',1,0,'ecf5f602374b3923b336c53e68e95de7','2851728808@qq.com','507','man','/media/user/thumbnails/default_thumb.png',0,'2016-07-28 08:46:21','6b3db8a50e1a3f31973e6053995bd806','','8f2c63fb93dd3e61899f6fa4a43dc4ad','黄磊','Android工程师','','',0,''),(8,'pbkdf2_sha256$24000$dR9cUycfdI5U$kwqyquiyYjIhxihzs5RwKlLKlQYxGLNj8b6QZDH7HGk=',NULL,'2016-08-05',1,0,'a7af471aa8e431c1b9f12c38b1090f3d','2851728806@qq.com','139','man','/media/user/thumbnails/default_thumb.png',0,'2016-07-28 08:46:57','4a136eeeaefb3352b6baa91ab468a8c3','','6a6df03be98c32699b3d6a5123a3f99a','潘超群','Android工程师','','',0,''),(9,'pbkdf2_sha256$24000$Sg6wq48wbXIV$ox4qIKDAJGhoDiVfHaHVfZBJJJi4K2ghpUjat2szp/Y=',NULL,'2016-07-29',1,0,'835122bd8d1132149f2ff83f9f6bb1ab','2851728854@qq.com','365','female','/media/user/thumbnails/default_thumb.png',0,'2016-07-28 08:48:22','d6e687480be63d62b96358f8a4a9b3e0','','40170c99b975361a99e958f6259fdfb6','左榕艳','测试工程师','','',0,''),(10,'pbkdf2_sha256$24000$FKFa2Mc7Dt8d$w5X3o8cloyZJz9bNUADs4yztu6zxUA7pZWZKWpN9Lh4=',NULL,'2016-08-05',1,1,'e48b03a85c16379ebd4c255e4a42afc5','2851728998@qq.com','5','man','/media/user/thumbnails/default_thumb.png',0,'2016-07-28 08:48:38','0ee9d799d435398bb956e353697c527b','','8abcca4fa9243dbf88411227bff88737','董宇','CEO','13959190114','',0,''),(11,'pbkdf2_sha256$24000$hCH5HWmIQeCY$trI20GEwqCG9cUhLEkoR/EOi/38bVcctkyc/+WqgRnQ=',NULL,'2016-08-29',1,0,'d3dde06775273852b0bd5d9aa4b53f57','2851728858@qq.com','147','female','/media/user/thumbnails/default_thumb.png',0,'2016-07-28 08:50:18','1779a1a9df48341a8f60aab3aef49a74','','012c33b5a53034fbbf072796c46ff3bb','曹文蔷','设计师','','',0,''),(12,'pbkdf2_sha256$24000$9svx7ack2iCW$iY0feTdh4zl10j0dkjpFQ/cF5lDV3QW0+oVY8lVSwDg=',NULL,'2016-07-28',1,0,'b72f23c6866931f29b8f524962dd28f1','2851728818@qq.com','103','man','/media/user/thumbnails/default_thumb.png',0,'2016-07-28 08:54:22','b691952ec2b7308aa3354d23d5b58fc9','','66b259e23c563b12bdf18960b33dd7ec','朱明振','.net工程师','','',0,''),(13,'pbkdf2_sha256$24000$6NglCvinXqYu$gAKc2HcWvKp+WWnfWoLQtsQcjOvsfs/nNAa92OCbA+Q=',NULL,'2016-11-18',1,0,'876248095e473af5af62026609f3b5f8','2851728816@qq.com','306','man','/media/user/thumbnails/default_thumb.png',0,'2016-07-28 08:55:21','72bab703525b3c14b2e8d50254bad046','','5701515a1c5e325c9384311969c315fe','郑荣锥','.net工程师','','',0,''),(14,'pbkdf2_sha256$24000$lkLfdLXI5nmr$SwOSU4O6v1Tq2ocu0kEqsiGUrMXGPMSvgN5/1fZl/C4=',NULL,'2016-07-28',1,0,'e5fe7b4ea27531418a9496cd332b0f18','2851728863@qq.com','156','man','/media/user/thumbnails/default_thumb.png',0,'2016-07-28 08:55:24','55d116f9039e3342a36586ced5285219','','c7716e3badea37b2a76806fdf43c51b7','陈申','编辑','','',0,''),(15,'pbkdf2_sha256$24000$PKIoFL7oSPop$7IZ7YV2ofJCTtEBlC8EPkUTAAowB0RTfeIFJn88eT4g=','2016-09-30 07:58:55','2016-08-08',1,1,'d05d2a9c5fa43460bbcac514dc442f1b','2851728836@qq.com','116','man','/media/user/thumbnails/default_thumb.png',0,'2016-07-28 08:56:14','79f0f4635aca3dc3a10fe4b29cf81583','','cbaef0ded9463fe9b9ccd181567031c1','陈文','策划','','',0,''),(16,'pbkdf2_sha256$24000$D0K5dRlfMsCj$7mLILXtn0wgiw+FwmGMDtltQSBWpf6MEcLk3vS7mpEs=',NULL,'2016-08-08',1,0,'c9e988b78a2b3197ac38487c483261c2','2851728753@qq.com','731','man','/media/user/thumbnails/default_thumb.png',0,'2016-07-28 08:57:57','35dd3311c4e93a8b8cbfe33f984de111','','9be347cb4fd034b88e4690824a27b316','陈志恒','策划','','',0,''),(17,'pbkdf2_sha256$24000$3sEa9FoRreEd$2xvb3tcHYk3V41V52P1zVISgi1kxXrNJ3Lzz9pO+NDY=',NULL,'2016-08-29',1,0,'a737f742ff743f6183a2e8804758ff73','`2851728857@qq.com','131','man','/media/user/thumbnails/default_thumb.png',0,'2016-07-28 08:58:51','ccc2fbe9887b31fa912d004d77d931e2','','6e5f1c7e8434306aa1cbf60bcb59d65a','郭岚岚','设计部主管','','',0,''),(18,'pbkdf2_sha256$24000$7XUTIFZbdGjL$nltV0zlM78TeomUMk0bVo1Blw08bv3rZnYXDsHa7Dmo=',NULL,'2016-07-28',1,0,'90049867601439829b9ecbcddc965bee','2851728869@qq.com','129','man','/media/user/thumbnails/default_thumb.png',0,'2016-07-28 08:59:40','86d8b6e5d58d37cd8ec9e4ec63dc2045','','23a9192a0abc370f8e1ca18202a88d68','韩瑞峰','编辑','','',0,''),(19,'pbkdf2_sha256$24000$QVkZXZRm1iBT$xVTfgbEpJrnoxmsL71C93GHt1stD769dIQZGSZfhVYg=',NULL,'2016-07-28',1,0,'bf4b3170a9853533821e8619f20de153','2851728764@qq.com','487','man','/media/user/thumbnails/default_thumb.png',0,'2016-07-28 09:01:34','32a9865e88483f6ab5b707619de67009','','cdd23e680559313f871eac54627fb3d4','黄德炜','市场推广','','',0,''),(20,'pbkdf2_sha256$24000$LrOI0B7lRuBe$Fgcgzxx7060a9lRENAQ3JwZKl8acpQovSBGv+Az+egY=',NULL,'2016-08-23',1,0,'9bc9e74640aa31818920899f3bfd3ee4','2851729173@qq.com','292','female','/media/user/thumbnails/default_thumb.png',0,'2016-07-28 09:03:20','71a420d3d88336fd8ac95d16c1263caf','','5daaeaee11a23c11b9e4a409b94ade36','黄兰','ios开发工程师','','',0,''),(21,'pbkdf2_sha256$24000$MZrJlSfvoZ2c$FJ1Ma1igpzzzoCoP46bsmeaGsBP69smgRmKhrhXU18s=',NULL,'2016-07-28',1,0,'0ec6a0e4d6cd34bfbfd31e16be181c3e','2851728848@qq.com','319','man','/media/user/thumbnails/default_thumb.png',0,'2016-07-28 09:05:37','4610d785bea234ac8c5bcbb2f31a4f42','','4520faefc38f3b9b967e12283ff95516','黄文彬','.net工程师','','',0,''),(22,'pbkdf2_sha256$24000$cHuD9YmjRVAf$aaiGOuAjHld1vAnjLwKiY96R/mE4hJow5ig1fOzlXuo=',NULL,'2016-07-28',1,0,'8923d6e05eef3990ae2e0263ebc13cd6','2851728862@qq.com','114','man','/media/user/thumbnails/default_thumb.png',0,'2016-07-28 09:06:20','9e7d202f0b363032896c7ec29d26ccba','','3d23d8b4acf13fb58d730c15f5ce59ff','黄晓春','编辑','','',0,''),(23,'pbkdf2_sha256$24000$8ugFobSutzOB$9mw30PRIeaoicirTgYzlvLW1Rfa1YhbsEdY2YNEgFi4=',NULL,'2016-07-28',1,0,'8e0ac8789e043f3ba22d329728561fed','2851728762@qq.com','136','female','/media/user/thumbnails/default_thumb.png',0,'2016-07-28 09:08:36','c808a18ba3fe37268a4d5d035c800e4f','','8927c710932b35ba93021986de720350','江云燕','市场推广部经理','','',0,''),(24,'pbkdf2_sha256$24000$eh2zDnrah8Xh$iNaEpkXDG/3sVEuqDVLkmuhrqMGSg4BrB/lNgEZa5u8=',NULL,'2016-07-28',1,0,'fc57ef24336731af80a17e5045d1088b','2851728765@qq.com','499','female','/media/user/thumbnails/default_thumb.png',0,'2016-07-28 09:09:22','86a35fcf16c2306fa1c16ee13cdb7de1','','9cafabdea5f631cca6a3916b8738f1bd','赖美娟','市场推广','','',0,''),(25,'pbkdf2_sha256$24000$gWl9LmMI9D3Q$UPwrtLYkVyGmnLuG8O3s38Ldsb/9exZjcXTSHv7CuT0=',NULL,'2016-08-08',1,0,'a54aa7460b233b8eb8a15c5b593c8942','2851728845@qq.com','491','man','/media/user/thumbnails/default_thumb.png',0,'2016-07-28 09:09:54','9582655147083cc2bf293e57b457f8c8','','78456b2a389d3ea68825123dc4db21fe','林悯明','应用事业部副经理','','',0,''),(26,'pbkdf2_sha256$24000$1fTjkYzreqao$bdIAzw6bQetwqtWukcx0+1MSqbrKhcEfocInZiDM2ZE=',NULL,'2016-07-28',1,0,'5b0da0d527493a5aa8cbf104d7c3bc6f','2851728939@qq.com','1000','man','/media/user/thumbnails/default_thumb.png',0,'2016-07-28 09:11:01','893e930d55cf38c193cc84bd736890c5','','73cda68c75953d029a6f36c05bb7f921','林强','.net工程师','','',0,''),(27,'pbkdf2_sha256$24000$dltld8gF8u2V$Fb7E5jGbmyASFMWoxyAs89VS6RwlASUTZ532JXjS9+g=',NULL,'2016-09-12',1,0,'fc0e43145ea735bfb72208f38db7059b','2851728837@qq.com','474','man','/media/user/thumbnails/default_thumb.png',0,'2016-07-28 09:11:35','46c8bc5d4aba320c98fc2433c3984c2b','','12fbcd86d7d63c46a80fa868bf915fb9','林云枫','策划','','',0,''),(28,'pbkdf2_sha256$24000$00m5gDP1d7CP$+R8nZNfw7u9xigDAxwfBswzwS04LLZOA6vXfYa0CVeA=',NULL,'2016-07-28',1,0,'d98073bd6b4b3df0b03861ad30f2028a','2851728844@qq.com','693','man','/media/user/thumbnails/default_thumb.png',0,'2016-07-28 09:12:27','b34ca7b5453a392aa6666799d0339482','','51b28db644cf3c5e9ebac8fd025a9e71','刘雷','ios开发工程师','','',0,''),(29,'pbkdf2_sha256$24000$1IFovX11SER8$0xIyp06KSuMZZMlSRZa1+t4WBn0v8FeTScwgs2v7i74=',NULL,'2016-07-28',1,0,'0e5f2d668a7c362d9f3caa0eeb2c0258','2851728867@qq.com','424','female','/media/user/thumbnails/default_thumb.png',0,'2016-07-28 09:13:13','a8bbdfcb030e34dc835751a600f01606','','14a6dd2cfa93398c9070e26767babdab','刘培','编辑','','',0,''),(30,'pbkdf2_sha256$24000$LLBjEIC1ONBC$kG5lJW8zk3PV3K7q0jST9WgfInfWhrGx4LyByHhp6v0=',NULL,'2016-10-09',1,0,'a94daaf7f8ef3fba8e3662c8572f2324','2851728842@qq.com','416','man','/media/user/thumbnails/default_thumb.png',0,'2016-07-28 09:13:47','5356fb89dddd345f9db99f63053ff660','','4ed7bf3afacf31b29ad2c4951387336d','卢志贤','ios开发工程师','','',0,''),(31,'pbkdf2_sha256$24000$dqTYZxx8yTIl$WEXmyNPlIrv8ltTMgq8RsuYAcc6enin/xAe6ht+tcvE=',NULL,'2016-09-29',1,0,'0407a2c89d5c32fe9c37c00d170ad6f3','2851728843@qq.com','692','man','/media/user/thumbnails/default_thumb.png',0,'2016-07-28 09:14:17','99636ac7e3863261b29afb2ac7d34419','','4062b9f3de6e392c871fc7f94768c1b6','吕廷元','ios开发工程师','','',0,''),(32,'pbkdf2_sha256$24000$hotFqiqqN6s3$K2wb8LTVouFvLZ9JKZKxtu/RSm7p6WH8auLtulvEWWE=',NULL,'2016-07-28',1,0,'70b682808e5f3e8b8f6bb0d62134a8ab','2851729146@qq.com','861','female','/media/user/thumbnails/default_thumb.png',0,'2016-07-28 09:14:55','95b57cc7bdcc341b86b03ccf879b8e69','','418ab32a8e0d3ea58c5de40234b87907','麦秀香','市场推广','','',0,''),(33,'pbkdf2_sha256$24000$WFe0vmutlre2$rWP1d9LzklLSMPk0nHmCe3Pj6gb4PBjDbLbPrTiL7ZY=',NULL,'2016-09-22',1,0,'2645849c4b6f3d49bbea1c6a0ba8b627','2851728846@qq.com','265','man','/media/user/thumbnails/default_thumb.png',0,'2016-07-28 09:15:38','72b3ee4402fd3c34948c7e2bdc2accbd','','ee4e46ba671c384a9d7b9bdeb937358d','彭亮亮','.net工程师','','',0,''),(34,'pbkdf2_sha256$24000$LvbxR3755Qek$0iCan7sy/zjEQKHd5h8FZIxJtZ9DS+K7rXwwYDHz198=',NULL,'2016-08-29',1,0,'80d7e4be3a5b37b4880f268c28bdcaa2','2851728860@qq.com','117','man','/media/user/thumbnails/default_thumb.png',0,'2016-07-28 09:16:08','5563a0ad5a543ff3919addd52cc8c6cb','','d1c1082ddb19366ab702e48e3b93c71c','施威','设计一组组长','','',0,''),(35,'pbkdf2_sha256$24000$6ix3z8GNu48t$q1UPtNbmZl1CuIwE8wlh0y4mxCSxuJKnj6Nb1JvFt3M=',NULL,'2016-08-26',1,0,'72e11c89339831bda0c0f74e03c48ef1','2851728921@qq.com','951','man','/media/user/thumbnails/default_thumb.png',0,'2016-07-28 09:16:52','9aaca5febd4b3339b83eaa346cbe7ee6','','f497ddbdae2c39298a4c3a70c0335650','苏镇妹','美术设计师','','',0,''),(36,'pbkdf2_sha256$24000$kYXeSOFdUr3L$TxBZMYayMiFKxDrw1kuvJcQjshbKyhEihS1YzskkvhA=',NULL,'2016-07-29',1,0,'ef701a164e973606a4ef0ae35ba50442','2851728839@qq.com','142','man','/media/user/thumbnails/default_thumb.png',0,'2016-07-28 09:17:37','068e5077939730d0a26a449da443ff9f','','446571418d0e369e96537ea90daa6512','涂勇彬','iOS一组组长','','',0,''),(37,'pbkdf2_sha256$24000$uaCay0IRLgTx$+MGhi8vhTTfW8Kd4JQZFKjx+dO7SukQIGRgZKEstWbo=','2017-01-16 11:28:22','2016-07-29',1,1,'9a4bef00813b3ccdab371f75349aafa1','2851728838@qq.com','108','man','/media/user/thumbnails/default_thumb.png',0,'2016-07-28 09:18:41','34a273bf9bd231aa9e6f2589649fda7a','','dd2fb8bba8233adb9d33e182c7d6529f','王明福','应用事业部经理','','',0,''),(38,'pbkdf2_sha256$24000$pUZcRewWExqD$OznnRVOblSMF9Adg+bn/gv7zxAq9f3+U8pGiD8ShWbk=',NULL,'2016-07-28',1,0,'444717b71e8132c2a1e01e6255f8fd4c','2851728748@qq.com','981','female','/media/user/thumbnails/default_thumb.png',0,'2016-07-28 09:19:18','48c36c929bc0305abc75356110e31f9f','','3aa80f3927213c0e89f1ee1f38e4fdfd','翁丽蓉','美术设计师','','',0,''),(39,'pbkdf2_sha256$24000$T4JPmCok4yPe$HjmT+PWyEPhpTiHdei3p+u0b80lfGfOVOJOCAhO9SpA=',NULL,'2016-07-28',1,0,'0d7b3324e88f3bffa713b74d99ce2105','2851728757@qq.com','285','female','/media/user/thumbnails/default_thumb.png',0,'2016-07-28 09:20:29','d1fa161ea3363be7abba3e88e3c217e0','','3a8e938af97931b4a0269fbe98119964','吴婷','媒介副经理','','',0,''),(40,'pbkdf2_sha256$24000$1HPQysQHfzBr$xyBGBzQFP0pdY9URAGKwfPWVOEJoxHxU3/HV+4cwRoQ=',NULL,'2016-08-19',1,0,'f899f9cf9bd13beebd999538e3801661','2851728859@qq.com','199','female','/media/user/thumbnails/default_thumb.png',0,'2016-07-28 09:20:59','d66ca34c5d52391aa07a0a6393133d9d','','b85a2e5bac073c9ea746c62e3a2c0e58','吴玉坤','美术设计师','','',0,''),(41,'pbkdf2_sha256$24000$VBgB0MggFhLd$mPXQxXZqYdJBw/pzOvUH+0JeTJfs0uMiLTv+Flq3P+I=',NULL,'2016-07-28',1,0,'2bc3ec49e74139ff955c3d08bfa15457','2851728851@qq.com','130','man','/media/user/thumbnails/default_thumb.png',0,'2016-07-28 09:21:39','986b596c8a183501b6cfe287a3ea09b2','','3be6619d4429306ba960d237336f4477','肖远忠','前端工程师','','',0,''),(42,'pbkdf2_sha256$24000$Hz6osgOGp9qM$ud97Vlg2RCy5BLdu96SAKfXQ4UzxVf/NyP5epoShyH0=',NULL,'2016-07-28',1,0,'27b1126bd5a13f058ce263d2a78a3041','2851728872@qq.com','669','female','/media/user/thumbnails/default_thumb.png',0,'2016-07-28 09:22:18','94359fbf4c41347c90b2d6b6803408a4','','c8760f86ea333217be2cdf60cb976f75','谢雨蓉','编辑','','',0,''),(43,'pbkdf2_sha256$24000$AeofCaCaN4mc$VK11FVIafTvxVrs/l+4t3mpk65JBLhiMeTr7Qw5G0+E=',NULL,'2016-07-28',1,0,'824015ca09743c769c9d15fc537c9449','2851728868@qq.com','439','female','/media/user/thumbnails/default_thumb.png',0,'2016-07-28 09:22:53','79cc8add54ff30cd8c6ec607ec759aef','','2e8abd5766893b1dba1a2a740624a6b8','姚丽方','编辑','','',0,''),(44,'pbkdf2_sha256$24000$EVYA2dwDh7wk$+jvdwhjuleKOXVA6G4nv8xTAyXJw1mWBIlk69bIvjnI=',NULL,'2016-07-28',1,0,'fce1240fca153c7e8e5258e22476e431','2851728866@qq.com','124','female','/media/user/thumbnails/default_thumb.png',0,'2016-07-28 09:23:35','6559633c6b293146a58d1fd60461849a','','5a5054d9975d3352a0ab12eac8984823','张萍','编辑','','',0,''),(45,'pbkdf2_sha256$24000$LvZV1WF07rv3$umjSAba/4j5y2RKrKLR6c6bG9bEAKxOsxEW4F7Ok0AQ=',NULL,'2016-07-28',1,0,'2184ebaacfbf35fcb97c804808d6abbc','2851728861@qq.com','110','man','/media/user/thumbnails/default_thumb.png',0,'2016-07-28 09:24:01','9d11b2b934ae3934a93ebc7ca10ffd29','','18e28b7df3043477999f0f7057dda6e9','张如挺','编辑部副经理','','',0,''),(46,'pbkdf2_sha256$24000$PCg0ryoWOpus$ZgM9Fv1CfogcGh6c1vc0W7yREW1/YehXWYYpUJgH5us=',NULL,'2016-07-29',1,0,'18c71cb93bd43052b03ebb5b2570bca6','2851728793@qq.com','793','man','/media/user/thumbnails/default_thumb.png',0,'2016-07-28 09:24:43','42fe2ba51a4031fc934fe9809c801e76','','c89d0de1e4fe3a27b832f65be7453372','张世鹏','.net工程师','','',0,''),(47,'pbkdf2_sha256$24000$Qp11by6U39Bt$nQsrbW9RJ06NyacxaBV+KyXfp6gz5VfXf+OAPSStxbQ=',NULL,'2016-09-30',1,0,'687cc05b32e1315c871a151a248b9b3b','2851728744@qq.com','502','man','/media/user/thumbnails/default_thumb.png',0,'2016-07-29 06:23:08','f25614a999eb3387b8e7426031bb9864','','b5abda4f32c4320294632b968700939f','洪衍民','产品运营经理','','',0,''),(48,'pbkdf2_sha256$24000$LK0AD2QetEgd$nmmjKqTu7G+R2/quWbCUaPE4WdWG5GQ66l1olxBRFkM=',NULL,'2016-09-06',1,0,'ba07456765f63f5ab171cd0234ad07c3','674@gao7.com','674','female','/media/user/thumbnails/default_thumb.png',0,'2016-08-05 08:54:48','c09f10090f83317aade5c7fb8bfc14f7','','f088f43ac31734fcb0e347ba53ba8434','谢文娟','编辑','','',0,''),(49,'pbkdf2_sha256$24000$LEbOOalh3AE4$8LD6oaj7osNN25Gn1Gdloq8T7sZZdmg8riDbs1rLikg=',NULL,'2017-01-11',1,0,'eedaf5994b82359eadead5f6ea085f8f','475@gao7.com','475','man','/media/user/thumbnails/default_thumb.png',0,'2016-08-24 07:51:02','c8a97abea53e33cb9c69c7c2f4534aba','','6b7a7bfc78ce398e8363621b7e0a00e5','陈燕华','暂无岗位','','',0,''),(50,'pbkdf2_sha256$24000$6CtEv5n36Uyh$C87c9SlsLHAyR0IOA73AE1jbq7vpfx9dGMT2Do3HuWY=',NULL,'2016-11-03',1,0,'5ac99b749c13349c9152df1ce2342118','2851728811@qq.com','397','man','/media/user/thumbnails/default_thumb.png',0,'2016-11-03 02:26:14','1a60d53b57d038b2beadf9f61d3914a9','','9447a2efb2ff35e08f60c7024c479e01','施凯敏','iOS工程师','','',0,''),(51,'pbkdf2_sha256$24000$zsAyP8wP1rKn$gLHEhpcD72Zp9s6fvaFa0yT0a6W8q1lfarfLErMlIu4=',NULL,'2016-11-25',1,0,'68ac6aecfe0f3cd2bc76c2dc25d079d2','133@gao7.com','133','man','/media/user/thumbnails/default_thumb.png',0,'2016-11-18 03:20:20','7b935c39878e303cb6ecd1e3ac90e721','','8bcbf349244839ad913d86dc8257a491','林超','iOS开发','','',0,''),(52,'pbkdf2_sha256$24000$lOIIc6a4lkNE$FkUoz4vstx3PTNQ1zd6P7KTNzrYsMvbBi9psldGmeP8=',NULL,'2016-11-18',1,0,'0edccedbec9d315faaed15b808fbaf54','23213673@qq.com','翁寿德','man','/media/user/thumbnails/default_thumb.png',0,'2016-11-18 06:31:23','605806b6622f39adb01d1e19494e0bf6','翁寿德','abfbd15b9c463b89979a50ef88de82f3','翁寿德','暂无岗位','','',0,''),(53,'pbkdf2_sha256$24000$otTDiTPstQNH$snSB+h7Yq9a0zNajTmw2/ARrksTIqZe6Yt9JIldjNz4=',NULL,'2016-11-18',1,0,'c6b564120a34394bbf32318b36752068','2851728826@qq.com','535','female','/media/user/thumbnails/default_thumb.png',0,'2016-11-18 06:32:17','1163df47f65f3d0dae8e4304b29c4f5d','林桂香','12ed5fe1a5873cb1ad076e30b69acc39','林桂香','服务端开发','','',0,''),(54,'pbkdf2_sha256$24000$cMUhhJDEK0dj$9eoWqIFNJbGugr0CWif5D8vwK69lwjx+N7sW5YnWs+4=',NULL,'2016-11-18',1,0,'1b114bdf3dc53f34b1669bc6c482bfba','2851729073@qq.com','1009','female','/media/user/thumbnails/default_thumb.png',0,'2016-11-18 06:34:17','f29a01445e843348a9540bcba286bc65','江聪颖','d03a41c6da41343391d6b281e3ff835d','江聪颖','设计师','','',0,''),(55,'pbkdf2_sha256$24000$kA7j8ekQe1KW$+kRaMyN/NvOJ8Gaki4eh6Ept26wpuCmJ58+GHmI/Fl4=',NULL,'2016-11-18',1,0,'7ef37eccfe11306cabf5c570c32e27cb','2851728823@qq.com','267','man','/media/user/thumbnails/default_thumb.png',0,'2016-11-18 07:01:29','2b11b64d5ca23db487baf7bd6e5d648d','黄剑艺','4e0a0aeabde6368eaac20b2fa7c39864','黄剑艺','前端开发','','',0,''),(56,'pbkdf2_sha256$24000$a8Dtha3EpICs$UQcTGfcnhGIhtyMMrAl+CtVmaJa+xnWphvZj3KJ7JZs=',NULL,'2016-11-18',1,0,'c9d4cb18270d39b99107f7bd2d57b0fd','2851728832@qq.com','248','man','/media/user/thumbnails/default_thumb.png',0,'2016-11-18 07:40:38','a457d371ab653027a50aa11c5698ee14','陆轶艺','3c6d4bc72d4f37acaf0b45d8d7b01385','陆轶艺','前端开发','','',0,''),(57,'pbkdf2_sha256$24000$xwWBkuJvyIYV$qHOAHSuDoyd5eN/s3TZ0H96jlAjhGE13zR3eGZUsXtU=',NULL,'2016-11-18',1,0,'8daa455041bc3f578d33d770b9ca6605','2851728802@qq.com','134','man','/media/user/thumbnails/default_thumb.png',0,'2016-11-18 08:13:38','17b06aa522403c828fbd2d0c301ac67e','2851728802','2d49bcc6ca3537d1af9291649aa9a448','陈侃','项目管理','陈侃','',0,''),(58,'pbkdf2_sha256$24000$OiRbxYQidQnc$jAQbp7HY5zRvL854fn06q95qEJAIgRkx8R0gfkal70A=',NULL,'2016-12-26',1,0,'2fc808f1fe8e3b2794dc44fd5b272872','370@gao7.com','370','man','/media/user/thumbnails/default_thumb.png',0,'2016-12-26 03:36:59','50531179ecc7366886bcc22bd32afdb4','','b2fe8dfdc2df3f989cb3f494abd73407','黄振达','iOS开发','','',0,''),(59,'pbkdf2_sha256$24000$aoGLMOeKzqKL$ac33trqNAMtA/Xr6C1iLcIUv2HFaFMqtGWv8YVwV9AM=',NULL,'2016-12-26',1,0,'9e11367a472f38af83b151e1490380bf','1021@gao7.com','1021','female','/media/user/thumbnails/default_thumb.png',0,'2016-12-26 03:53:27','1de46208746639fd9da6535b5f16487e','','5387cc45c70a311f93325495fa5e9779','陈清婷','产品经理','','',0,''),(60,'pbkdf2_sha256$24000$3omRIwVebSRw$qPRzpcGwvyt8AjssKlmoUOmvLU+fpkmtKwdpeEia0mg=',NULL,'2016-12-28',1,0,'44b90327769d3602ba5d7f7ec5d35965','1139@gao7.com','1139','man','/media/user/thumbnails/default_thumb.png',0,'2016-12-26 03:54:01','7309771d6a363c9db6ee548d73a05eb8','','e712a079e65d35d6a2a6f88e79dd2abd','林国敏','测试工程师','','',0,''),(61,'pbkdf2_sha256$24000$YQUE4qUQCXJE$QnZj9Z+/vSLkNVMR5gHNRFSBfeFn73vk2UWCPpqBpjo=',NULL,'2017-01-10',1,0,'28f7749fe9b130148bc09b6bf0cdd76f','384@gao7.com','384','female','/media/user/thumbnails/default_thumb.png',0,'2017-01-10 02:40:16','66153e51d7d131dda820f2fc9d9d58e6','','87d2c0d96fb63c55aa6575183d3884f9','黄智莺','产品经理','','',0,'');
/*!40000 ALTER TABLE `Account_g7user` ENABLE KEYS */;
UNLOCK TABLES;

--
-- Table structure for table `Account_g7user_groups`
--

DROP TABLE IF EXISTS `Account_g7user_groups`;
/*!40101 SET @saved_cs_client     = @@character_set_client */;
/*!40101 SET character_set_client = utf8 */;
CREATE TABLE `Account_g7user_groups` (
  `id` int(11) NOT NULL AUTO_INCREMENT,
  `g7user_id` int(11) NOT NULL,
  `g7group_id` int(11) NOT NULL,
  PRIMARY KEY (`id`),
  UNIQUE KEY `Account_g7user_groups_g7user_id_0f65fe1a_uniq` (`g7user_id`,`g7group_id`),
  KEY `Account_g7user_groups_g7group_id_cb46f748_fk_Account_g7group_id` (`g7group_id`),
  CONSTRAINT `Account_g7user_groups_g7group_id_cb46f748_fk_Account_g7group_id` FOREIGN KEY (`g7group_id`) REFERENCES `Account_g7group` (`id`),
  CONSTRAINT `Account_g7user_groups_g7user_id_7fd7ec84_fk_Account_g7user_id` FOREIGN KEY (`g7user_id`) REFERENCES `Account_g7user` (`id`)
) ENGINE=InnoDB DEFAULT CHARSET=utf8;
/*!40101 SET character_set_client = @saved_cs_client */;

--
-- Dumping data for table `Account_g7user_groups`
--

LOCK TABLES `Account_g7user_groups` WRITE;
/*!40000 ALTER TABLE `Account_g7user_groups` DISABLE KEYS */;
/*!40000 ALTER TABLE `Account_g7user_groups` ENABLE KEYS */;
UNLOCK TABLES;

--
-- Table structure for table `Account_g7user_permissions`
--

DROP TABLE IF EXISTS `Account_g7user_permissions`;
/*!40101 SET @saved_cs_client     = @@character_set_client */;
/*!40101 SET character_set_client = utf8 */;
CREATE TABLE `Account_g7user_permissions` (
  `id` int(11) NOT NULL AUTO_INCREMENT,
  `g7user_id` int(11) NOT NULL,
  `permission_id` int(11) NOT NULL,
  PRIMARY KEY (`id`),
  UNIQUE KEY `Account_g7user_permissions_g7user_id_00bab13b_uniq` (`g7user_id`,`permission_id`),
  KEY `Account_g7user_perm_permission_id_28bc2397_fk_auth_permission_id` (`permission_id`),
  CONSTRAINT `Account_g7user_permissio_g7user_id_5285a830_fk_Account_g7user_id` FOREIGN KEY (`g7user_id`) REFERENCES `Account_g7user` (`id`),
  CONSTRAINT `Account_g7user_perm_permission_id_28bc2397_fk_auth_permission_id` FOREIGN KEY (`permission_id`) REFERENCES `auth_permission` (`id`)
) ENGINE=InnoDB DEFAULT CHARSET=utf8;
/*!40101 SET character_set_client = @saved_cs_client */;

--
-- Dumping data for table `Account_g7user_permissions`
--

LOCK TABLES `Account_g7user_permissions` WRITE;
/*!40000 ALTER TABLE `Account_g7user_permissions` DISABLE KEYS */;
/*!40000 ALTER TABLE `Account_g7user_permissions` ENABLE KEYS */;
UNLOCK TABLES;

--
-- Table structure for table `Application_g7application`
--

DROP TABLE IF EXISTS `Application_g7application`;
/*!40101 SET @saved_cs_client     = @@character_set_client */;
/*!40101 SET character_set_client = utf8 */;
CREATE TABLE `Application_g7application` (
  `id` int(11) NOT NULL AUTO_INCREMENT,
  `product_id` int(11) NOT NULL,
  `product_type` int(11) DEFAULT NULL,
  `channel` int(11) NOT NULL,
  `inner_version` int(11) NOT NULL,
  `name` varchar(150) NOT NULL,
  `identifier` varchar(100) NOT NULL,
  `file` varchar(100) DEFAULT NULL,
  `dsymFile` varchar(100) DEFAULT NULL,
  `version` varchar(150) NOT NULL,
  `icon` varchar(100) NOT NULL,
  `create_at` datetime NOT NULL,
  `modified_at` datetime NOT NULL,
  `bundleID` varchar(200) DEFAULT NULL,
  `description` longtext,
  `build_version` varchar(200) NOT NULL,
  `user_id` int(11) DEFAULT NULL,
  PRIMARY KEY (`id`),
  UNIQUE KEY `identifier` (`identifier`),
  KEY `Application_g7application_user_id_75eb2d3d_fk_Account_g7user_id` (`user_id`),
  CONSTRAINT `Application_g7application_user_id_75eb2d3d_fk_Account_g7user_id` FOREIGN KEY (`user_id`) REFERENCES `Account_g7user` (`id`)
) ENGINE=InnoDB AUTO_INCREMENT=293 DEFAULT CHARSET=utf8;
/*!40101 SET character_set_client = @saved_cs_client */;

--
-- Dumping data for table `Application_g7application`
--

LOCK TABLES `Application_g7application` WRITE;
/*!40000 ALTER TABLE `Application_g7application` DISABLE KEYS */;
INSERT INTO `Application_g7application` VALUES (6,849,1,1,3,'MarsX','08ef771c3aea4a6aafd1ce1f29c33e97','application/package/MarsX_V1.0_Build16072910470373_20160729104930.ipa','application/package/MarsX_V1.0_Build16072910470373_20160729104930-dSYM.zip','1.0','application/icon/20160729104930.png','2016-07-29 02:49:30','2016-07-29 03:18:42','com.marsplat.marsx','','16072910470373',2),(7,39,0,5,29,'壁纸HD','40973a158e9642a187278be4adfef84e','application/package/壁纸HD_V2.2.5_Build160729105539123_20160729110933.ipa','application/package/壁纸HD_V2.2.5_Build160729105539123_20160729110933-dSYM.zip','2.2.5','application/icon/20160729110933.png','2016-07-29 03:09:33','2016-07-29 03:09:33','com.tandy.wallpaper.pid39ch5','','160729105539123',36),(8,39,0,5,29,'壁纸HD','2411ab927a804e2fb518f577db45d920','application/package/壁纸HD_V2.2.5_Build160729155433124_20160729160907.ipa','application/package/壁纸HD_V2.2.5_Build160729155433124_20160729160907-dSYM.zip','2.2.5','application/icon/20160729160907.png','2016-07-29 08:09:07','2016-07-29 08:09:08','com.tandy.wallpaper.pid39ch5','','160729155433124',36),(9,62,1,1,5,'微商工具','2c0deff1d65a4b3591ffd37e9e0998b6','application/package/EDCommerceTool_vCfZuMe.ipa','application/package/微商工具_V1.0_Build1607291717222_20160729172519-dSYM.zip','1.0','application/icon/default_icon.png','2016-07-29 09:25:19','2016-11-30 02:34:54','TD.EDCommerceTool','','1607291717222',31),(10,39,0,5,29,'壁纸HD','a4102c38e827425f8a021f2136d67d61','application/package/壁纸HD_V2.2.5_Build160729184844126_20160729190247.ipa','application/package/壁纸HD_V2.2.5_Build160729184844126_20160729190247-dSYM.zip','2.2.5','application/icon/20160729190247.png','2016-07-29 11:02:47','2016-07-29 11:02:47','com.tandy.wallpaper.pid39ch5','','160729184844126',36),(11,39,0,5,29,'壁纸HD','7b226d7355e647ad8db421edda8a9f65','application/package/壁纸HD_V2.2.5_Build160729230120128_20160729231629.ipa','application/package/壁纸HD_V2.2.5_Build160729230120128_20160729231629-dSYM.zip','2.2.5','application/icon/20160729231629.png','2016-07-29 15:16:29','2016-07-29 15:16:29','com.tandy.wallpaper.pid39ch5','','160729230120128',36),(12,39,0,5,29,'壁纸HD','4290598059894a42bc860aa432b8168c','application/package/壁纸HD_V2.2.5_Build160730004415129_20160730005941.ipa','application/package/壁纸HD_V2.2.5_Build160730004415129_20160730005941-dSYM.zip','2.2.5','application/icon/20160730005941.png','2016-07-29 16:59:41','2016-07-29 16:59:42','com.tandy.wallpaper.pid39ch5','','160730004415129',36),(13,39,0,5,29,'壁纸HD','61c2c7e8d075461cb4ffc8d1deaf7a98','application/package/壁纸HD_V2.2.5_Build160730023226130_20160730024558.ipa','application/package/壁纸HD_V2.2.5_Build160730023226130_20160730024558-dSYM.zip','2.2.5','application/icon/20160730024558.png','2016-07-29 18:45:58','2016-07-29 18:45:59','com.tandy.wallpaper.pid39ch5','','160730023226130',36),(14,39,0,5,29,'壁纸HD','cb07108cd31d4cdcba4bf76e3af39e77','application/package/壁纸HD_V2.2.5_Build160730045911131_20160730051345.ipa','application/package/壁纸HD_V2.2.5_Build160730045911131_20160730051345-dSYM.zip','2.2.5','application/icon/20160730051345.png','2016-07-29 21:13:45','2016-07-29 21:13:45','com.tandy.wallpaper.pid39ch5','','160730045911131',36),(15,39,0,5,29,'壁纸HD','e44110a6386d4036ba372ac05794c097','application/package/壁纸HD_V2.2.5_Build160730115403133_20160730121119.ipa','application/package/壁纸HD_V2.2.5_Build160730115403133_20160730121119-dSYM.zip','2.2.5','application/icon/20160730121119.png','2016-07-30 04:11:19','2016-07-30 04:11:19','com.tandy.wallpaper.pid39ch5','','160730115403133',36),(16,28,2,1,8,'平板助手','c8ba003cd80945558867a94bab008c31','application/package/平板助手_V1.6_Build16080110090481_20160801101659.ipa','application/package/平板助手_V1.6_Build16080110090481_20160801101659-dSYM.zip','1.6','application/icon/default_icon.png','2016-08-01 02:16:59','2016-08-01 02:16:59','com.gao7.padmanager.ch03.test','','16080110090481',30),(17,62,1,1,5,'微商工具','c8652754833d4686a41aa955d53378a0','application/package/微商工具_V1.0_Build1608021642273_20160802165010.ipa','application/package/微商工具_V1.0_Build1608021642273_20160802165010-dSYM.zip','1.0','application/icon/default_icon.png','2016-08-02 08:50:10','2016-08-02 08:50:10','TD.EDCommerceTool','','1608021642273',31),(18,28,2,6,9,'平板助手','590d66cb9b674e16803f488bb50129f8','application/package/平板助手_V1.7_Build16080217100486_20160802171731.ipa','application/package/平板助手_V1.7_Build16080217100486_20160802171731-dSYM.zip','1.7','application/icon/default_icon.png','2016-08-02 09:17:31','2016-08-02 09:17:32','com.gao7.padmanager.ch03.test','','16080217100486',30),(19,28,2,6,9,'平板助手','d50f1b558b104cc787ad5246117765f1','application/package/平板助手_V1.7_Build16080217381787_20160802174518.ipa','application/package/平板助手_V1.7_Build16080217381787_20160802174518-dSYM.zip','1.7','application/icon/default_icon.png','2016-08-02 09:45:18','2016-08-02 09:45:19','com.gao7.padmanager.ch03.test','','16080217381787',30),(20,62,1,1,5,'微商工具','c29296a270b54c95a4c07350aa9cf875','application/package/微商工具_V1.0_Build1608041619154_20160804162815.ipa','application/package/微商工具_V1.0_Build1608041619154_20160804162815-dSYM.zip','1.0','application/icon/default_icon.png','2016-08-04 08:28:15','2016-08-04 08:28:16','TD.EDCommerceTool','','1608041619154',31),(21,37,0,1,30,'壁纸HD','2d7d8ec5382a48b8bf716692b8cc8854','application/package/壁纸HD_V2.3_Build160805093442143_20160805094928.ipa','application/package/壁纸HD_V2.3_Build160805093442143_20160805094928-dSYM.zip','2.3','application/icon/20160805094928.png','2016-08-05 01:49:28','2016-08-05 01:49:29','com.gao7.dev4Push','','160805093442143',36),(22,302,1,1,5,'微商工具','ac3db5240ec74a19936b982cdbd9ffc3','application/package/微商工具_V1.0_Build1608051817575_20160805182714.ipa','application/package/微商工具_V1.0_Build1608051817575_20160805182714-dSYM.zip','1.0','application/icon/20160805182714.png','2016-08-05 10:27:14','2016-08-05 10:27:14','com.e-design.cmtool','','1608051817575',31),(23,37,0,1,30,'壁纸HD','eb599dacb7524af8b5925caeb70b3822','application/package/壁纸HD_V2.3_Build160808092349145_20160808093936.ipa','application/package/壁纸HD_V2.3_Build160808092349145_20160808093936-dSYM.zip','2.3','application/icon/20160808093936.png','2016-08-08 01:39:36','2016-08-08 01:39:36','com.gao7.dev4Push','','160808092349145',36),(24,37,0,1,30,'壁纸HD','b768819e3eb946da9b2b6d75ebef85ad','application/package/壁纸HD_V2.3_Build160808100613146_20160808102129.ipa','application/package/壁纸HD_V2.3_Build160808100613146_20160808102129-dSYM.zip','2.3','application/icon/20160808102129.png','2016-08-08 02:21:29','2016-08-08 02:21:30','com.gao7.dev4Push','','160808100613146',36),(25,37,0,1,30,'壁纸HD','b927adfe153e4643b0c82d828775408a','application/package/Wallpaper.ipa','application/package/壁纸HD_V2.3_Build160808104808148_20160808110406-dSYM.zip','2.3','application/icon/20160808110406.png','2016-08-08 03:04:06','2016-08-08 03:30:19','com.gao7.wallpaper.pid37ch03','','160808104808148',36),(26,37,0,1,30,'壁纸HD','c32eb485dbe6487a914fd8dd5da9af62','application/package/壁纸HD_V2.3_Build160808135657149_20160808141124.ipa','application/package/壁纸HD_V2.3_Build160808135657149_20160808141124-dSYM.zip','2.3','application/icon/20160808141124.png','2016-08-08 06:11:24','2016-08-08 06:11:25','com.gao7.wallpaper.pid37ch03','','160808135657149',36),(27,37,0,1,30,'壁纸HD','c33b8a06753843aea6b40afbafafd3f5','application/package/壁纸HD_V2.3_Build160812135352153_20160812140939.ipa','application/package/壁纸HD_V2.3_Build160812135352153_20160812140939-dSYM.zip','2.3','application/icon/20160812140939.png','2016-08-12 06:09:39','2016-08-12 06:09:40','com.gao7.wallpaper.pid37ch03','','160812135352153',36),(28,62,1,1,1,'微商工具','ac34ccea83294071974cdf7e6a9f2924','application/package/微商工具_V1.0_Build1608121549269_20160812155825.ipa','application/package/微商工具_V1.0_Build1608121549269_20160812155825-dSYM.zip','1.0','application/icon/20160812155825.png','2016-08-12 07:58:25','2016-08-12 07:58:25','com.e-design.cmtool','','1608121549269',31),(29,37,0,4,30,'壁纸HD','ea34ab7dfbdd4db4b18c1bcd8b56af40','application/package/壁纸HD_V2.3_Build160818110023155_20160818111630.ipa','application/package/壁纸HD_V2.3_Build160818110023155_20160818111630-dSYM.zip','2.3','application/icon/20160818111630.png','2016-08-18 03:16:30','2016-08-18 03:16:31','com.gao7.wallpaper.pid37ch03Test','','160818110023155',36),(30,63,1,1,1,'PokeRadar','db3ef72dd4ae4748a87e7a0351e9c3aa','application/package/PokeRadar_V1.0_Build1608181425112_20160818142951.ipa','application/package/PokeRadar_V1.0_Build1608181425112_20160818142951-dSYM.zip','1.0','application/icon/20160818142951.png','2016-08-18 06:29:51','2016-08-18 06:29:51','com.yumo.pokeradar','','1608181425112',2),(31,63,1,1,1,'PokeRadar','a8da8579a0d342e69e97d33c2a23aff7','application/package/PokeRadar_V1.0_Build1608190931085_20160819093700.ipa','application/package/PokeRadar_V1.0_Build1608190931085_20160819093700-dSYM.zip','1.0','application/icon/20160819093700.png','2016-08-19 01:37:00','2016-08-19 01:37:00','com.yumo.pokeradar','','1608190931085',2),(32,62,1,1,1,'微商工具','941a3d677f10467590e6d03178def0f6','application/package/微商工具_V1.0_Build16081911231310_20160819114310.ipa','application/package/微商工具_V1.0_Build16081911231310_20160819114310-dSYM.zip','1.0','application/icon/20160819114310.png','2016-08-19 03:43:10','2016-08-19 03:43:10','com.gao7.cmtool','','16081911231310',31),(34,37,0,4,30,'壁纸HD','2a4e49f088f449f88bbef05d8db556c2','application/package/壁纸HD_V2.3_Build160819120741158_20160819122136.ipa','application/package/壁纸HD_V2.3_Build160819120741158_20160819122136-dSYM.zip','2.3','application/icon/20160819122136.png','2016-08-19 04:21:36','2016-08-19 04:21:36','com.gao7.wallpaper.pid37ch03Test','','160819120741158',36),(35,63,1,1,1,'PokeRadar','da393080f04747e3b080cc5ca89eaf23','application/package/PokeRadar_V1.0_Build1608191837406_20160819185205.ipa','application/package/PokeRadar_V1.0_Build1608191837406_20160819185205-dSYM.zip','1.0','application/icon/20160819185205.png','2016-08-19 10:52:05','2016-08-19 10:52:05','com.yumo.pokeradar','','1608191837406',2),(36,62,1,1,1,'微商工具','550ed70f35a94c29a7e0ee920a248b4e','application/package/微商工具_V1.0_Build16081918442418_20160819191424.ipa','application/package/微商工具_V1.0_Build16081918442418_20160819191424-dSYM.zip','1.0','application/icon/20160819191424.png','2016-08-19 11:14:24','2016-08-19 11:14:26','com.e-design.cmtool','','16081918442418',31),(37,37,0,4,30,'壁纸HD','3e957139b69f42bf9712c37342611774','application/package/壁纸HD_V2.3_Build160823090701160_20160823091956.ipa','application/package/壁纸HD_V2.3_Build160823090701160_20160823091956-dSYM.zip','2.3','application/icon/20160823091956.png','2016-08-23 01:19:56','2016-08-23 01:19:56','com.gao7.wallpaper.pid37ch03','','160823090701160',36),(38,62,1,1,1,'微商工具','3cedac21bd954594b398d5491affba07','application/package/微商工具_V1.0_Build16082314540122_20160823150221.ipa','application/package/微商工具_V1.0_Build16082314540122_20160823150221-dSYM.zip','1.0','application/icon/20160823150221.png','2016-08-23 07:02:21','2016-08-23 07:02:21','com.gao7.cmtool','','16082314540122',31),(39,62,1,1,1,'微商工具','712d6147433341cc9eec536759bdc023','application/package/微商工具_V1.0_Build16082316400726_20160823164812.ipa','application/package/微商工具_V1.0_Build16082316400726_20160823164812-dSYM.zip','1.0','application/icon/20160823164812.png','2016-08-23 08:48:12','2016-08-23 08:48:12','com.gao7.cmtool','','16082316400726',31),(40,37,0,4,30,'壁纸HD','9123b995027b4fb88440d55f1c025ca6','application/package/壁纸HD_V2.3_Build160824100850163_20160824102012.ipa','application/package/壁纸HD_V2.3_Build160824100850163_20160824102012-dSYM.zip','2.3','application/icon/20160824102012.png','2016-08-24 02:20:12','2016-08-24 02:20:12','com.gao7.dev4Push','','160824100850163',36),(41,37,0,4,30,'壁纸HD','3310f1094a1f4751a749fa42595cee62','application/package/壁纸HD_V2.3_Build160824123437165_20160824124616.ipa','application/package/壁纸HD_V2.3_Build160824123437165_20160824124616-dSYM.zip','2.3','application/icon/20160824124616.png','2016-08-24 04:46:16','2016-08-24 04:46:17','com.gao7.wallpaper.pid37ch03','','160824123437165',36),(42,37,0,4,30,'壁纸HD','218cbc37f145452b87e80f48d95170f2','application/package/壁纸HD_V2.3_Build160824162149166_20160824163355.ipa','application/package/壁纸HD_V2.3_Build160824162149166_20160824163355-dSYM.zip','2.3','application/icon/20160824163355.png','2016-08-24 08:33:55','2016-08-24 08:33:55','com.gao7.wallpaper.pid37ch03','','160824162149166',36),(43,62,1,1,1,'微商工具','04b19e1e1b7d4c099587607621314990','application/package/微商工具_V1.0_Build16082417341128_20160824174236.ipa','application/package/微商工具_V1.0_Build16082417341128_20160824174236-dSYM.zip','1.0','application/icon/20160824174236.png','2016-08-24 09:42:36','2016-08-24 09:42:37','com.gao7.cmtool','','16082417341128',31),(44,62,1,1,1,'微商工具','b3e2ba4548154dc9a8528e284b260c15','application/package/微商工具_V1.0_Build16082508405329_20160825084935.ipa','application/package/微商工具_V1.0_Build16082508405329_20160825084935-dSYM.zip','1.0','application/icon/20160825084935.png','2016-08-25 00:49:35','2016-08-25 00:49:35','com.gao7.cmtool','','16082508405329',31),(45,62,1,1,1,'微商工具','5a7f1896028345519b436ca420276f8f','application/package/微商工具_V1.0_Build16082515322931_20160825154204.ipa','application/package/微商工具_V1.0_Build16082515322931_20160825154204-dSYM.zip','1.0','application/icon/20160825154204.png','2016-08-25 07:42:04','2016-08-25 07:42:04','com.gao7.cmtool','','16082515322931',31),(46,62,1,1,1,'微商工具','41b8f7c95c694cba92276ad6a625f694','application/package/微商工具_V1.0_Build16082615221637_20160826153552.ipa','application/package/微商工具_V1.0_Build16082615221637_20160826153552-dSYM.zip','1.0','application/icon/20160826153552.png','2016-08-26 07:35:52','2016-08-26 07:35:52','com.gao7.cmtool','','16082615221637',31),(47,62,1,1,1,'微商工具','9481e89e58fb4fda933571c1eab7f8de','application/package/微商工具_V1.0_Build16082617315939_20160826174025.ipa','application/package/微商工具_V1.0_Build16082617315939_20160826174025-dSYM.zip','1.0','application/icon/20160826174025.png','2016-08-26 09:40:25','2016-08-26 09:40:25','com.e-design.cmtool','','16082617315939',31),(48,62,1,1,1,'微商工具','fa2fe9068ab441238f6c70f9598fa41a','application/package/微商工具_V1.0_Build16082620250641_20160826203350.ipa','application/package/微商工具_V1.0_Build16082620250641_20160826203350-dSYM.zip','1.0','application/icon/20160826203350.png','2016-08-26 12:33:50','2016-08-26 12:33:50','com.e-design.cmtool','','16082620250641',31),(49,62,1,1,1,'微商工具','51f4f30b726946b795dc4a8238154e58','application/package/微商工具_V1.0_Build16082621041442_20160826211351.ipa','application/package/微商工具_V1.0_Build16082621041442_20160826211351-dSYM.zip','1.0','application/icon/20160826211351.png','2016-08-26 13:13:51','2016-08-26 13:13:51','com.e-design.cmtool','','16082621041442',31),(50,62,1,1,1,'微商工具-测试站','6ec8f7c04a0b34a69635db4cc7cc2317','application/package/EDTemplateSDK_Example_foljNnE.ipa','application/package/EDCommerceTool.app.dSYM.zip','1.0','application/icon/Icon-603x.png','2016-09-06 06:45:51','2016-12-05 09:46:49','com.e-design.cmtool-debug','','1609061452',31),(51,64,1,1,1,'TDSimpleWallpaper','b011a3eec8214ec8a8f1fe09ecc2398a','application/package/TDSimpleWallpaper_V1.0_Build16090816315224_20160908163554.ipa','application/package/TDSimpleWallpaper_V1.0_Build16090816315224_20160908163554-dSYM.zip','1.0','application/icon/20160908163554.png','2016-09-08 08:35:54','2016-09-08 08:35:54','com.tandy.TDSimpleWallpaper','','16090816315224',36),(52,64,1,1,1,'TDSimpleWallpaper','14a2f12ef8874a798c3a9c763804d72f','application/package/TDSimpleWallpaper_V1.0_Build16090817305625_20160908173514.ipa','application/package/TDSimpleWallpaper_V1.0_Build16090817305625_20160908173514-dSYM.zip','1.0','application/icon/20160908173514.png','2016-09-08 09:35:14','2016-09-08 09:35:14','com.tandy.TDSimpleWallpaper','','16090817305625',36),(53,64,1,1,1,'TDSimpleWallpaper','29d30d41f40f45e68caa1c861d08ea27','application/package/TDSimpleWallpaper_V1.0_Build16090917285526_20160909173230.ipa','application/package/TDSimpleWallpaper_V1.0_Build16090917285526_20160909173230-dSYM.zip','1.0','application/icon/20160909173230.png','2016-09-09 09:32:30','2016-09-09 09:32:30','com.tandy.TDSimpleWallpaper','','16090917285526',36),(54,999,1,999,999,'TDSimpleWallpaper','b8ee6bfa573342b4a14fdb324d19213c','application/package/TDSimpleWallpaper_V1.0_Build16091215230627_20160912152712.ipa','application/package/TDSimpleWallpaper_V1.0_Build16091215230627_20160912152712-dSYM.zip','1.0','application/icon/20160912152712.png','2016-09-12 07:27:12','2016-09-12 07:27:12','com.gao7.dev4Push','','16091215230627',36),(55,64,1,1,1,'TDSimpleWallpaper','dfe49045c4154fa591e1d83c9f3b6c3b','application/package/TDSimpleWallpaper_V1.0_Build16091318005628_20160913180435.ipa','application/package/TDSimpleWallpaper_V1.0_Build16091318005628_20160913180435-dSYM.zip','1.0','application/icon/20160913180435.png','2016-09-13 10:04:35','2016-09-13 10:04:35','com.rocky.wallpaper.pid64ch1','','16091318005628',36),(56,64,1,1,1,'TDSimpleWallpaper','db2b0a5b89ee48ceb89e5e16064a6cac','application/package/TDSimpleWallpaper_V1.0_Build16091318054029_20160913180855.ipa','application/package/TDSimpleWallpaper_V1.0_Build16091318054029_20160913180855-dSYM.zip','1.0','application/icon/20160913180855.png','2016-09-13 10:08:55','2016-09-13 10:08:55','com.rocky.wallpaper.pid64ch1','','16091318054029',36),(57,63,1,1,2,'PokeRadar','1ea99c3901a14539a6ba265b9246e877','application/package/PokeRadar_V1.0_Build1609201432447_20160920143958.ipa','application/package/PokeRadar_V1.0_Build1609201432447_20160920143958-dSYM.zip','1.0','application/icon/20160920143958.png','2016-09-20 06:39:58','2016-09-20 06:39:58','com.yumo.pokeradar.test0','','1609201432447',2),(58,63,1,1,2,'PokeRadar','8481d71542884e1d8b247546fee756aa','application/package/PokeRadar_V1.0_Build1609201719318_20160920172546.ipa','application/package/PokeRadar_V1.0_Build1609201719318_20160920172546-dSYM.zip','1.0','application/icon/20160920172546.png','2016-09-20 09:25:46','2016-09-20 09:25:46','com.yumo.pokeradar.test0','','1609201719318',2),(59,63,1,1,2,'PokeRadar','a0eb58bcc47f46478c496ea41bc20a58','application/package/PokeRadar_V1.0_Build1609211056349_20160921110055.ipa','application/package/PokeRadar_V1.0_Build1609211056349_20160921110055-dSYM.zip','1.0','application/icon/20160921110055.png','2016-09-21 03:00:55','2016-09-21 03:00:55','com.yumo.pokeradar','','1609211056349',2),(60,63,1,1,2,'PokeRadar','86e60964224c4a2a8f94c6dee43ba9d4','application/package/PokeRadar_V1.1_Build16092114153411_20160921142009.ipa','application/package/PokeRadar_V1.1_Build16092114153411_20160921142009-dSYM.zip','1.1','application/icon/20160921142009.png','2016-09-21 06:20:09','2016-09-21 06:20:09','com.yumo.pokeradar.test','','16092114153411',2),(61,63,1,1,2,'PokeRadar','d9fa83c9dc4547b48a720d58fb853f8a','application/package/PokeRadar_V1.1_Build16092115172812_20160921152145.ipa','application/package/PokeRadar_V1.1_Build16092115172812_20160921152145-dSYM.zip','1.1','application/icon/20160921152145.png','2016-09-21 07:21:45','2016-09-21 07:21:45','com.yumo.pokeradar','','16092115172812',2),(62,63,1,1,2,'PokeRadar','4ffa6fa1a89f4d68a7b0225be7da85df','application/package/PokeRadar_V1.1_Build16092119073313_20160921191203.ipa','application/package/PokeRadar_V1.1_Build16092119073313_20160921191203-dSYM.zip','1.1','application/icon/20160921191203.png','2016-09-21 11:12:03','2016-09-21 11:12:03','com.yumo.pokeradar','','16092119073313',2),(63,63,1,1,2,'PokeRadar','719157a45be940c99d00f748dffd74bd','application/package/PokeRadar_V1.1_Build16092209481114_20160922095208.ipa','application/package/PokeRadar_V1.1_Build16092209481114_20160922095208-dSYM.zip','1.1','application/icon/20160922095208.png','2016-09-22 01:52:08','2016-09-22 01:52:08','com.yumo.pokeradar','','16092209481114',2),(64,63,1,1,2,'PokeRadar','82577194a79f4d72b4b9a52884ae2315','application/package/PokeRadar_V1.1_Build16092214513415_20160922145524.ipa','application/package/PokeRadar_V1.1_Build16092214513415_20160922145524-dSYM.zip','1.1','application/icon/20160922145524.png','2016-09-22 06:55:24','2016-09-22 06:55:24','com.yumo.pokeradar','','16092214513415',2),(65,999,1,999,999,'PokeRadar','f91f4c7a74d54e91aac84b2063a8fcd7','application/package/PokeRadar_V1.1_Build16092215033916_20160922150724.ipa','application/package/PokeRadar_V1.1_Build16092215033916_20160922150724-dSYM.zip','1.1','application/icon/20160922150724.png','2016-09-22 07:07:24','2016-09-22 07:07:24','com.yumo.pokeradar','','16092215033916',2),(66,63,1,1,2,'PokeRadar','258bfc505a164d68ba36bfa48a026013','application/package/PokeRadar_V1.1_Build16092610462717_20160926105039.ipa','application/package/PokeRadar_V1.1_Build16092610462717_20160926105039-dSYM.zip','1.1','application/icon/20160926105039.png','2016-09-26 02:50:39','2016-09-26 02:50:39','com.yumo.pokeradar','','16092610462717',2),(67,64,1,1,1,'TDSimpleWallpaper','c602d3e31102424aae93b6ddfbfbc06b','application/package/TDSimpleWallpaper_V1.0_Build16092615581630_20160926160217.ipa','application/package/TDSimpleWallpaper_V1.0_Build16092615581630_20160926160217-dSYM.zip','1.0','application/icon/20160926160217.png','2016-09-26 08:02:17','2016-09-26 08:02:17','com.rocky.wallpaper.pid64ch1','','16092615581630',36),(68,999,1,999,999,'PokeRadar','361242ac91134560a7329707b447a6ba','application/package/PokeRadar_V1.1_Build16092616441318_20160926164836.ipa','application/package/PokeRadar_V1.1_Build16092616441318_20160926164836-dSYM.zip','1.1','application/icon/20160926164836.png','2016-09-26 08:48:36','2016-09-26 08:48:36','com.gao7.pokeradar','','16092616441318',2),(69,63,1,1,2,'PokeRadar','0438264562784c1a9d23c390996b93c3','application/package/PokeRadar_V1.1_Build16092709312119_20160927093538.ipa','application/package/PokeRadar_V1.1_Build16092709312119_20160927093538-dSYM.zip','1.1','application/icon/20160927093538.png','2016-09-27 01:35:38','2016-09-27 01:35:39','com.gao7.pokeradar','','16092709312119',2),(70,62,1,1,1,'微商工具','bebccbb3a36341f284f347d7d567b96b','application/package/微商工具_V1.0_Build16092710233044_20160927103455.ipa','application/package/微商工具_V1.0_Build16092710233044_20160927103455-dSYM.zip','1.0','application/icon/20160927103455.png','2016-09-27 02:34:55','2016-09-27 02:34:55','com.e-design.cmtool','','16092710233044',31),(71,39,0,5,31,'壁纸HD','94a1a007321849978cf5c7d684b76dee','application/package/壁纸HD_V2.3_Build160927113144170_20160927114356.ipa','application/package/壁纸HD_V2.3_Build160927113144170_20160927114356-dSYM.zip','2.3','application/icon/20160927114356.png','2016-09-27 03:43:56','2016-09-27 03:43:56','com.tandy.wallpaper.pid39ch5','','160927113144170',36),(72,62,1,1,2,'微商工具','c497a96c910140f48b41a500617f0d36','application/package/微商工具_V1.1_Build16092909191747_20160929092727.ipa','application/package/微商工具_V1.1_Build16092909191747_20160929092727-dSYM.zip','1.1','application/icon/20160929092727.png','2016-09-29 01:27:27','2016-09-29 01:27:27','com.gao7.cmtool','','16092909191747',31),(73,62,1,1,2,'微商工具','6284c80511c746549c4af674e08834e0','application/package/微商工具_V1.1_Build16092911202248_20160929112814.ipa','application/package/微商工具_V1.1_Build16092911202248_20160929112814-dSYM.zip','1.1','application/icon/20160929112814.png','2016-09-29 03:28:14','2016-09-29 03:28:14','com.gao7.cmtool','','16092911202248',31),(74,999,0,999,999,'壁纸HD','f20220e8c9e548138138984f807a9220','application/package/壁纸HD_V2.3.1_Build160929142238171_20160929143708.ipa','application/package/壁纸HD_V2.3.1_Build160929142238171_20160929143708-dSYM.zip','2.3.1','application/icon/20160929143708.png','2016-09-29 06:37:08','2016-09-29 06:37:08','com.tandy.wallpaper.pid39ch5','','160929142238171',36),(75,62,1,1,2,'微商工具','262b0a5146dd4235918bfd18e21bdefa','application/package/微商工具_V1.1_Build16092914414951_20160929145124.ipa','application/package/微商工具_V1.1_Build16092914414951_20160929145124-dSYM.zip','1.1','application/icon/20160929145124.png','2016-09-29 06:51:24','2016-09-29 06:51:24','com.gao7.cmtool','','16092914414951',31),(76,63,1,1,3,'PokeRadar','6ccb163e9a374ff4b2512011b922fe42','application/package/PokeRadar_V1.1.1_Build16093010111920_20160930101606.ipa','application/package/PokeRadar_V1.1.1_Build16093010111920_20160930101606-dSYM.zip','1.1.1','application/icon/20160930101606.png','2016-09-30 02:16:06','2016-09-30 02:16:06','com.yumo.pokeradar','','16093010111920',2),(77,62,1,1,2,'微商工具','33eb131759fc46cea2e5cde5542866a6','application/package/微商工具_V1.1_Build16093010492861_20160930105739.ipa','application/package/微商工具_V1.1_Build16093010492861_20160930105739-dSYM.zip','1.1','application/icon/20160930105739.png','2016-09-30 02:57:39','2016-09-30 02:57:39','com.e-design.cmtool','','16093010492861',31),(78,62,1,1,2,'微商工具','f98df47ebc68442abd24bb072c16c526','application/package/微商工具_V1.0.1_Build16093015423362_20160930155144.ipa','application/package/微商工具_V1.0.1_Build16093015423362_20160930155144-dSYM.zip','1.0.1','application/icon/20160930155144.png','2016-09-30 07:51:44','2016-09-30 07:51:44','com.e-design.cmtool','','16093015423362',31),(79,302,1,1,5,'玩美壁纸','dfeae74e36e4456cb2cce945512a9816','application/package/玩美壁纸_V1.2.1_Build161008161455196_20161008162315.ipa','application/package/玩美壁纸_V1.2.1_Build161008161455196_20161008162315-dSYM.zip','1.2.1','application/icon/20161008162315.png','2016-10-08 08:23:15','2016-10-08 08:23:15','com.gao7.wallpaper','','161008161455196',31),(80,302,1,1,5,'玩美壁纸','26189b071e3f45d8af4ca320afde7e11','application/package/玩美壁纸_V1.2.1_Build161009092016197_20161009092701.ipa','application/package/玩美壁纸_V1.2.1_Build161009092016197_20161009092701-dSYM.zip','1.2.1','application/icon/20161009092701.png','2016-10-09 01:27:01','2016-10-09 01:27:01','com.gao7.wallpaper','','161009092016197',31),(81,302,1,1,5,'玩美壁纸','a433aa0a1e034155ab12c596483aa1e1','application/package/玩美壁纸_V1.2.1_Build161009093453198_20161009094311.ipa','application/package/玩美壁纸_V1.2.1_Build161009093453198_20161009094311-dSYM.zip','1.2.1','application/icon/20161009094311.png','2016-10-09 01:43:11','2016-10-09 01:43:11','com.gao7.wallpaper','','161009093453198',31),(82,999,0,999,999,'壁纸HD','764d5eda139a483cb4002349fa4a7d47','application/package/壁纸HD_V2.3_Build161009093716172_20161009094918.ipa','application/package/壁纸HD_V2.3_Build161009093716172_20161009094918-dSYM.zip','2.3','application/icon/20161009094918.png','2016-10-09 01:49:18','2016-10-09 01:49:18','com.tandy.wallpaper.pid39ch5Test','','161009093716172',36),(83,302,1,1,6,'玩美壁纸','bf6fc0b10f5e47c2ba9e9cf87af22620','application/package/玩美壁纸_V1.2.1_Build161009095754199_20161009100527.ipa','application/package/玩美壁纸_V1.2.1_Build161009095754199_20161009100527-dSYM.zip','1.2.1','application/icon/20161009100527.png','2016-10-09 02:05:27','2016-10-09 02:05:27','com.e-design.wallpaper','','161009095754199',31),(84,302,1,1,5,'玩美壁纸','9bdf5406acac4e1e8b4ec1814cb7cc09','application/package/EDWallpaper_v1.0_build161009095754199.ipa','application/package/玩美壁纸_V1.2.1_Build161009104819200_20161009105435-dSYM.zip','1.2.1','application/icon/20161009105435.png','2016-10-09 02:54:35','2016-10-09 03:09:16','com.gao7.wallpaper','','161009104819200',31),(85,302,1,1,5,'玩美壁纸','8b9a7439b7534281a7beefc6fbc78da7','application/package/玩美壁纸_V1.2.1_Build161009181457211_20161009182439.ipa','application/package/玩美壁纸_V1.2.1_Build161009181457211_20161009182439-dSYM.zip','1.2.1','application/icon/20161009182439.png','2016-10-09 10:24:39','2016-10-09 10:24:39','com.gao7.wallpaper','','161009181457211',31),(86,302,1,1,5,'玩美壁纸','1c677679d1cb47ef997a834c901407c4','application/package/玩美壁纸_V1.2.1_Build161011141037212_20161011141819.ipa','application/package/玩美壁纸_V1.2.1_Build161011141037212_20161011141819-dSYM.zip','1.2.1','application/icon/20161011141819.png','2016-10-11 06:18:19','2016-10-11 06:18:19','com.gao7.wallpaper','','161011141037212',31),(87,302,1,1,5,'玩美壁纸','6cad534144b0405e8f58c5ba233e5d4d','application/package/玩美壁纸_V1.2.1_Build161011142706213_20161011143502.ipa','application/package/玩美壁纸_V1.2.1_Build161011142706213_20161011143502-dSYM.zip','1.2.1','application/icon/20161011143502.png','2016-10-11 06:35:02','2016-10-11 06:35:02','com.gao7.wallpaper','','161011142706213',31),(88,64,1,2,1,'TDSimpleWallpaper','d5e602e6557544ceb48d73eab6f83f2b','application/package/TDSimpleWallpaper_V1.0_Build16101115393860_20161011154506.ipa','application/package/TDSimpleWallpaper_V1.0_Build16101115393860_20161011154506-dSYM.zip','1.0','application/icon/20161011154506.png','2016-10-11 07:45:06','2016-10-11 07:45:06','com.tandy.jenkins','','16101115393860',36),(89,302,1,1,5,'玩美壁纸','bb755262c83749debd816710879813a4','application/package/玩美壁纸_V1.2.1_Build161012100204214_20161012101054.ipa','application/package/玩美壁纸_V1.2.1_Build161012100204214_20161012101054-dSYM.zip','1.2.1','application/icon/20161012101054.png','2016-10-12 02:10:54','2016-10-12 02:10:54','com.gao7.wallpaper','','161012100204214',31),(90,302,1,1,5,'玩美壁纸','fab9dadef6bb47589035df8eab5e92a6','application/package/玩美壁纸_V1.2.1_Build161012102406215_20161012103208.ipa','application/package/玩美壁纸_V1.2.1_Build161012102406215_20161012103208-dSYM.zip','1.2.1','application/icon/20161012103208.png','2016-10-12 02:32:08','2016-10-12 02:32:08','com.gao7.wallpaper','','161012102406215',31),(91,64,1,2,1,'TDSimpleWallpaper','c42ad256d9344cbaa45afb9fa6e778ff','application/package/TDSimpleWallpaper_V1.0_Build16101210425961_20161012105313.ipa','application/package/TDSimpleWallpaper_V1.0_Build16101210425961_20161012105313-dSYM.zip','1.0','application/icon/20161012105313.png','2016-10-12 02:53:13','2016-10-12 02:53:13','com.tandy.jenkins','','16101210425961',36),(92,302,1,1,5,'玩美壁纸','04637aa530b64984803096c627cde914','application/package/玩美壁纸_V1.2.1_Build161012104101216_20161012105433.ipa','application/package/玩美壁纸_V1.2.1_Build161012104101216_20161012105433-dSYM.zip','1.2.1','application/icon/20161012105433.png','2016-10-12 02:54:33','2016-10-12 02:54:33','com.gao7.wallpaper','','161012104101216',31),(93,302,1,1,6,'玩美壁纸','096e20a49bbc412f843deba648574cf5','application/package/玩美壁纸_V1.2.1_Build161012135454222_20161012140309.ipa','application/package/玩美壁纸_V1.2.1_Build161012135454222_20161012140309-dSYM.zip','1.2.1','application/icon/20161012140309.png','2016-10-12 06:03:09','2016-10-12 06:03:09','com.e-design.wallpaper','','161012135454222',31),(94,999,1,999,999,'TDSimpleWallpaper','50c80113290a40a79ef8c77fa5d819f1','application/package/TDSimpleWallpaper_V1.0_Build16101216212963_20161012162453.ipa','application/package/TDSimpleWallpaper_V1.0_Build16101216212963_20161012162453-dSYM.zip','1.0','application/icon/20161012162453.png','2016-10-12 08:24:53','2016-10-12 08:24:53','com.gao7.rocky.wallpaper.pid64ch2','','16101216212963',36),(95,999,1,999,999,'TDSimpleWallpaper','cb5a6ac2ecdd4b5aa184d174563282a7','application/package/TDSimpleWallpaper_V1.0_Build16101217541764_20161012175741.ipa','application/package/TDSimpleWallpaper_V1.0_Build16101217541764_20161012175741-dSYM.zip','1.0','application/icon/20161012175741.png','2016-10-12 09:57:41','2016-10-12 09:57:41','com.gao7.rocky.wallpaper.pid64ch2','','16101217541764',36),(96,999,1,999,999,'玩美壁纸','27af8aac8012402995304a5b3df19d56','application/package/玩美壁纸_V1.2.1_Build161013164714231_20161013165546.ipa','application/package/玩美壁纸_V1.2.1_Build161013164714231_20161013165546-dSYM.zip','1.2.1','application/icon/20161013165546.png','2016-10-13 08:55:46','2016-10-13 08:55:46','com.e-design.wallpaper','','161013164714231',31),(97,999,1,999,999,'玩美壁纸','fa9b484628954801a6ab8af16348cf0f','application/package/玩美壁纸_V1.2.2_Build161013183224233_20161013184002.ipa','application/package/玩美壁纸_V1.2.2_Build161013183224233_20161013184002-dSYM.zip','1.2.2','application/icon/20161013184002.png','2016-10-13 10:40:02','2016-10-13 10:40:02','com.e-design.wallpaper','','161013183224233',31),(98,302,1,2,6,'玩美壁纸','e539c766c9524ff2bbe2ecd302f4082b','application/package/玩美壁纸_V1.2.2_Build161014092329234_20161014093116.ipa','application/package/玩美壁纸_V1.2.2_Build161014092329234_20161014093116-dSYM.zip','1.2.2','application/icon/20161014093116.png','2016-10-14 01:31:16','2016-10-14 01:31:16','com.e-design.wallpaper','','161014092329234',31),(99,302,1,1,7,'玩美壁纸','7e7ac1b63c9d44a288f3b1db89d1056d','application/package/玩美壁纸_V1.2.3_Build161014111652235_20161014112604.ipa','application/package/玩美壁纸_V1.2.3_Build161014111652235_20161014112604-dSYM.zip','1.2.3','application/icon/20161014112604.png','2016-10-14 03:26:04','2016-10-14 03:26:04','com.e-design.wallpaper','','161014111652235',31),(100,302,1,1,7,'玩美壁纸','8409ca1e8e9940fca924b51eb23d8dbe','application/package/玩美壁纸_V1.2.3_Build161018092515236_20161018093411.ipa','application/package/玩美壁纸_V1.2.3_Build161018092515236_20161018093411-dSYM.zip','1.2.3','application/icon/20161018093411.png','2016-10-18 01:34:11','2016-10-18 01:34:11','com.e-design.wallpaper','','161018092515236',31),(101,999,0,999,31,'壁纸HD','70ca1839b4e44adb81c3a989361b44ee','application/package/壁纸HD_V2.3.1_Build161028101615187_20161028102628.ipa','application/package/壁纸HD_V2.3.1_Build161028101615187_20161028102628-dSYM.zip','2.3.1','application/icon/20161028102628.png','2016-10-28 02:26:28','2016-10-28 02:26:28','com.tandy.jenkins','','161028101615187',36),(102,37,0,4,33,'壁纸HD','7a603410ee5e402db902da16d7cba3f2','application/package/壁纸HD_V2.3.3_Build161028163046188_20161028164228.ipa','application/package/壁纸HD_V2.3.3_Build161028163046188_20161028164228-dSYM.zip','2.3.3','application/icon/20161028164228.png','2016-10-28 08:42:28','2016-10-28 08:42:28','com.gao7.wallpaper.pid37ch03Test','','161028163046188',36),(103,37,0,4,33,'壁纸HD','79d057a485584830b77521777546e077','application/package/壁纸HD_V2.3.3_Build161028171303190_20161028172342.ipa','application/package/壁纸HD_V2.3.3_Build161028171303190_20161028172342-dSYM.zip','2.3.3','application/icon/20161028172342.png','2016-10-28 09:23:42','2016-10-28 09:23:42','com.gao7.wallpaper.pid37ch03Test','','161028171303190',36),(104,37,0,4,33,'壁纸HD','6543c5c4033c4f489ab478b258120b6c','application/package/壁纸HD_V2.3.3_Build161031173734194_20161031175001.ipa','application/package/壁纸HD_V2.3.3_Build161031173734194_20161031175001-dSYM.zip','2.3.3','application/icon/20161031175001.png','2016-10-31 09:50:01','2016-10-31 09:50:01','com.gao7.wallpaper.pid37ch03','','161031173734194',36),(105,999,0,999,33,'壁纸HD','3a0a2a1fe70d4cb2be1d627965e02089','application/package/壁纸HD_V2.3.3_Build161031180218196_20161031181335.ipa','application/package/壁纸HD_V2.3.3_Build161031180218196_20161031181335-dSYM.zip','2.3.3','application/icon/20161031181335.png','2016-10-31 10:13:35','2016-10-31 10:13:35','com.gao7.wallpaper.pid37ch03T','','161031180218196',36),(106,37,0,4,33,'壁纸HD','081eb3f2d31c464f8e8b45771a233efa','application/package/壁纸HD_V2.3.3_Build161031182509197_20161031183554.ipa','application/package/壁纸HD_V2.3.3_Build161031182509197_20161031183554-dSYM.zip','2.3.3','application/icon/20161031183554.png','2016-10-31 10:35:54','2016-10-31 10:35:54','com.gao7.wallpaper.pid37ch03T','','161031182509197',36),(107,999,0,999,33,'壁纸HD','81a1c50df9c24dbfaa7451f08bc1ddab','application/package/壁纸HD_V2.3.3_Build161031183710198_20161031184835.ipa','application/package/壁纸HD_V2.3.3_Build161031183710198_20161031184835-dSYM.zip','2.3.3','application/icon/20161031184835.png','2016-10-31 10:48:35','2016-10-31 10:48:35','com.gao7.wallpaper.pid37ch03T','','161031183710198',36),(108,37,0,4,33,'壁纸HD','26c75a6c1dec4de5beadf2b1ee33e76d','application/package/壁纸HD_V2.3.3_Build161102083116200_20161102084204.ipa','application/package/壁纸HD_V2.3.3_Build161102083116200_20161102084204-dSYM.zip','2.3.3','application/icon/20161102084204.png','2016-11-02 00:42:04','2016-11-02 00:42:05','com.gao7.wallpaper.pid37ch03T','','161102083116200',36),(109,37,0,4,33,'壁纸HD','019b3d20345643bd93307795b9bc9276','application/package/壁纸HD_V2.3.3_Build161102182605203_20161102183711.ipa','application/package/壁纸HD_V2.3.3_Build161102182605203_20161102183711-dSYM.zip','2.3.3','application/icon/20161102183711.png','2016-11-02 10:37:11','2016-11-02 10:37:11','com.gao7.wallpaperpid37ch03','','161102182605203',36),(110,999,1,999,999,'PokeRadar','12902e9a6efd4de6830e69ee450389dc','application/package/PokeRadar_V1.1.1_Build16110311155130_20161103112128.ipa','application/package/PokeRadar_V1.1.1_Build16110311155130_20161103112128-dSYM.zip','1.1.1','application/icon/20161103112128.png','2016-11-03 03:21:28','2016-11-03 03:21:28','com.yumo.pokeradar.forads','','16110311155130',2),(111,37,0,4,33,'壁纸HD','b3e1087bbaf84b1fbb4fe3d5d762079f','application/package/壁纸HD_V2.3.3_Build161103111937204_20161103113029.ipa','application/package/壁纸HD_V2.3.3_Build161103111937204_20161103113029-dSYM.zip','2.3.3','application/icon/20161103113029.png','2016-11-03 03:30:29','2016-11-03 03:30:29','com.gao7.wallpaper.pid37ch03','','161103111937204',36),(112,999,1,999,2,'TDSimpleWallpaper','2372d550460042c99b90adb015fc2cf7','application/package/TDSimpleWallpaper_V1.0_Build16111615272365_20161116153345.ipa','application/package/TDSimpleWallpaper_V1.0_Build16111615272365_20161116153345-dSYM.zip','1.0','application/icon/20161116153345.png','2016-11-16 07:33:45','2016-11-16 07:33:45','com.gao7.rocky.wallpaper.pid64ch2T','','16111615272365',36),(113,999,1,999,2,'TDSimpleWallpaper','6039e1b993b54553a24f4c1a374e1caa','application/package/TDSimpleWallpaper_V1.0_Build16111618331166_20161116183813.ipa','application/package/TDSimpleWallpaper_V1.0_Build16111618331166_20161116183813-dSYM.zip','1.0','application/icon/20161116183813.png','2016-11-16 10:38:13','2016-11-16 10:38:13','com.gao7.rocky.wallpaper.pid64ch2T','','16111618331166',36),(114,999,1,999,2,'TDSimpleWallpaper','ff85321897aa45379ca1c28e81eb3b11','application/package/TDSimpleWallpaper_V1.0_Build16111715320268_20161117153626.ipa','application/package/TDSimpleWallpaper_V1.0_Build16111715320268_20161117153626-dSYM.zip','1.0','application/icon/20161117153626.png','2016-11-17 07:36:26','2016-11-17 07:36:26','com.rocky.wallpaper.pid64ch2T','','16111715320268',36),(115,999,1,999,2,'TDSimpleWallpaper','146ccf4f64d54d5ab7a9913baca7d45b','application/package/TDSimpleWallpaper_V1.0_Build16111718265469_20161117183141.ipa','application/package/TDSimpleWallpaper_V1.0_Build16111718265469_20161117183141-dSYM.zip','1.0','application/icon/20161117183141.png','2016-11-17 10:31:41','2016-11-17 10:31:41','com.rocky.wallpaper.pid64ch3','','16111718265469',36),(116,64,1,3,2,'TDSimpleWallpaper','2d7b760a03fd4375b82a75872d1875ab','application/package/TDSimpleWallpaper_V1.0_Build16111719055270_20161117191057.ipa','application/package/TDSimpleWallpaper_V1.0_Build16111719055270_20161117191057-dSYM.zip','1.0','application/icon/20161117191057.png','2016-11-17 11:10:57','2016-11-17 11:10:57','com.rocky.wallpaper.pid64ch3','','16111719055270',36),(117,0,0,0,0,'UNGameDemo','72003e39282c4b17bb128acc42b03fd0','application/package/UNGameDemo_V1.0_Build1611181156075_20161118120048.ipa','application/package/UNGameDemo_V1.0_Build1611181156075_20161118120048-dSYM.zip','1.0','application/icon/default_icon.png','2016-11-18 04:00:48','2016-11-18 04:00:48','com.ungame.sdk.UNGameDemo','','1611181156075',51),(118,0,0,0,0,'UNGameDemo','acab6627f61043a99881df20e28040ca','application/package/UNGameDemo_V1.0_Build1611181422336_20161118142545.ipa','application/package/UNGameDemo_V1.0_Build1611181422336_20161118142545-dSYM.zip','1.0','application/icon/default_icon.png','2016-11-18 06:25:45','2016-11-18 06:25:45','com.ungame.sdk.UNGameDemo','','1611181422336',51),(119,0,0,0,0,'UNGameDemo','1e28977afd9a4063b6efae7daf20a6a9','application/package/UNGameDemo_V1.0_Build1611181750287_20161118175323.ipa','application/package/UNGameDemo_V1.0_Build1611181750287_20161118175323-dSYM.zip','1.0','application/icon/default_icon.png','2016-11-18 09:53:23','2016-11-18 09:53:23','com.ungame.sdk.UNGameDemo','','1611181750287',51),(120,62,1,1,2,'微商工具','a8ed5a8fc31b43c1878e7cc87043adfb','application/package/微商工具_V1.0.1_Build16112118185977_20161121182901.ipa','application/package/微商工具_V1.0.1_Build16112118185977_20161121182901-dSYM.zip','1.0.1','application/icon/20161121182901.png','2016-11-21 10:29:01','2016-11-21 10:29:01','com.e-design.cmtool','','16112118185977',31),(121,0,0,0,0,'UNGameDemo','0e201d19d245445792cbbd1637991bd5','application/package/UNGameDemo_V1.0_Build1611221706358_20161122170917.ipa','application/package/UNGameDemo_V1.0_Build1611221706358_20161122170917-dSYM.zip','1.0','application/icon/default_icon.png','2016-11-22 09:09:17','2016-11-22 09:09:17','com.ungame.sdk.UNGameDemo','','1611221706358',51),(122,62,1,1,2,'微商工具','0972c4461a6c4985ab499bc8edece9af','application/package/微商工具_V1.0.1_Build16112410270783_20161124104024.ipa','application/package/微商工具_V1.0.1_Build16112410270783_20161124104024-dSYM.zip','1.0.1','application/icon/20161124104024.png','2016-11-24 02:40:25','2016-11-24 02:40:25','com.gao7.cmtool','','16112410270783',31),(123,0,0,0,0,'UNGameDemo','a48e572878254acbacbf6bdd572e0abd','application/package/UNGameDemo_V1.0_Build1611251009219_20161125101451.ipa','application/package/UNGameDemo_V1.0_Build1611251009219_20161125101451-dSYM.zip','1.0','application/icon/default_icon.png','2016-11-25 02:14:51','2016-11-25 02:14:51','com.ungame.sdk.UNGameDemo','','1611251009219',51),(129,62,1,1,2,'微商工具','65659f31e113410ba67c297b50cf4a1b','application/package/微商工具_V1.0.1_Build161130114431111_20161130144802.ipa','application/package/微商工具_V1.0.1_Build161130114431111_20161130144802-dSYM.zip','1.0.1','application/icon/20161130144802.png','2016-11-30 06:48:02','2016-11-30 06:48:02','com.e-design.cmtool','','161130114431111',31),(130,62,1,1,2,'微商工具','a16ea25fc0b64d5e93c4e0c41a63c214','application/package/微商工具_V1.0.1_Build161130145256112_20161130150519.ipa','application/package/微商工具_V1.0.1_Build161130145256112_20161130150519-dSYM.zip','1.0.1','application/icon/20161130150519.png','2016-11-30 07:05:19','2016-11-30 07:05:19','com.e-design.cmtool','','161130145256112',31),(131,62,1,1,2,'微商工具','a62c46304ecc4a1fae82bdc80d346d68','application/package/微商工具_V1.0.1_Build161130174340116_20161130175409.ipa','application/package/微商工具_V1.0.1_Build161130174340116_20161130175409-dSYM.zip','1.0.1','application/icon/20161130175409.png','2016-11-30 09:54:09','2016-11-30 09:54:09','com.e-design.cmtool','','161130174340116',31),(132,999,1,999,999,'微商工具','f074b5eccacb4209b5184a92b2d86cfd','application/package/微商工具_V1.1_Build161130183542117_20161130184453.ipa','application/package/微商工具_V1.1_Build161130183542117_20161130184453-dSYM.zip','1.1','application/icon/20161130184453.png','2016-11-30 10:44:53','2016-11-30 10:44:53','com.e-design.cmtool','','161130183542117',31),(133,62,1,1,2,'微商工具','3a332ad3db884fceb26c8b6c93005a0f','application/package/微商工具_V1.1_Build161130185615119_20161130191131.ipa','application/package/微商工具_V1.1_Build161130185615119_20161130191131-dSYM.zip','1.1','application/icon/20161130191131.png','2016-11-30 11:11:31','2016-11-30 11:11:31','com.e-design.cmtool','','161130185615119',31),(134,62,1,1,3,'微商工具','744db91f8bf240488a18d6c0aa75a131','application/package/微商工具_V1.1_Build161130203228124_20161130204713.ipa','application/package/微商工具_V1.1_Build161130203228124_20161130204713-dSYM.zip','1.1','application/icon/20161130204713.png','2016-11-30 12:47:13','2016-11-30 12:47:13','com.e-design.cmtool','','161130203228124',31),(137,0,0,0,0,'UNGameDemo','a084f5a5d6b34a57b7d6926359ef3163','application/package/UNGameDemo_V1.0_Build16120110200318_20161201102147.ipa','application/package/UNGameDemo_V1.0_Build16120110200318_20161201102147-dSYM.zip','1.0','application/icon/default_icon.png','2016-12-01 02:21:47','2016-12-01 02:21:47','com.ungame.sdk.UNGameDemo','','16120110200318',51),(139,0,0,0,0,'UNGameDemo','2ba0eb25ecd34f36bbd73cf75bb88526','application/package/UNGameDemo_V1.0_Build16120110355319_20161201103730.ipa','application/package/UNGameDemo_V1.0_Build16120110355319_20161201103730-dSYM.zip','1.0','application/icon/default_icon.png','2016-12-01 02:37:30','2016-12-01 02:37:30','com.ungame.sdk.UNGameDemo','','16120110355319',51),(140,849,1,1,3,'产品','467538628a7841bf8eda3be93028270e','application/package/产品_V1.0_Build16072910470373_20161202103143.ipa','application/package/产品_V1.0_Build16072910470373_20161202103143-dSYM.zip','1.0','application/icon/20161202103143.png','2016-12-02 02:31:43','2016-12-02 02:31:43','com.marsplat.marsx','','16072910470373',2),(141,37,0,4,31,'壁纸HD','6cbf020c110c4561a1fda69404b903e4','application/package/壁纸HD_V2.3.3_Build161202103041236_20161202103924.ipa','application/package/壁纸HD_V2.3.3_Build161202103041236_20161202103924-dSYM.zip','2.3.3','application/icon/20161202103924.png','2016-12-02 02:39:24','2016-12-02 02:39:24','com.gao7.wallpaper.pid37ch03T','','161202103041236',36),(142,849,1,1,3,'测试 请忽略','e05f2f69727f48f982264cf5c6355cb3','application/package/测试_请忽略_V1.0_Build16072910470373_20161202105231.ipa','application/package/测试_请忽略_V1.0_Build16072910470373_20161202105231-dSYM.zip','1.0','application/icon/20161202105231.png','2016-12-02 02:52:31','2016-12-02 02:52:31','com.marsplat.marsx','','16072910470373',2),(143,37,0,4,31,'壁纸HD','cd73d472429442208ce06c321dab3011','application/package/壁纸HD_V2.3.3_Build161202155954237_20161202161033.ipa','application/package/壁纸HD_V2.3.3_Build161202155954237_20161202161033-dSYM.zip','2.3.3','application/icon/20161202161033.png','2016-12-02 08:10:33','2016-12-02 08:10:33','com.gao7.wallpaper.pid37ch03T','','161202155954237',36),(144,37,0,4,31,'壁纸HD','eef4854612a3430890de73666b94d32f','application/package/壁纸HD_V2.3.4_Build161202163439238_20161202164407.ipa','application/package/壁纸HD_V2.3.4_Build161202163439238_20161202164407-dSYM.zip','2.3.4','application/icon/20161202164407.png','2016-12-02 08:44:07','2016-12-02 08:44:07','com.gao7.wallpaper.pid37ch03T','','161202163439238',36),(145,37,0,4,31,'壁纸HD','d2a196bb156e468c9572ab0614e2636a','application/package/壁纸HD_V2.3.4_Build161202181859239_20161202182738.ipa','application/package/壁纸HD_V2.3.4_Build161202181859239_20161202182738-dSYM.zip','2.3.4','application/icon/20161202182738.png','2016-12-02 10:27:38','2016-12-02 10:27:38','com.gao7.wallpaper.pid37ch03T','','161202181859239',36),(146,62,1,1,3,'微商工具','2a77b1b8a7f84d87bdf483aad2695ee9','application/package/微商工具_V1.1_Build161203093611127_20161203094750.ipa','application/package/微商工具_V1.1_Build161203093611127_20161203094750-dSYM.zip','1.1','application/icon/20161203094750.png','2016-12-03 01:47:50','2016-12-03 01:47:50','com.e-design.cmtool','','161203093611127',31),(147,37,0,4,31,'壁纸HD','9d67010f928b40e5b035cdeffd883936','application/package/壁纸HD_V2.3.4_Build161203112810240_20161203113754.ipa','application/package/壁纸HD_V2.3.4_Build161203112810240_20161203113754-dSYM.zip','2.3.4','application/icon/20161203113754.png','2016-12-03 03:37:54','2016-12-03 03:37:54','com.gao7.wallpaper.pid37ch03T','','161203112810240',36),(148,62,1,1,3,'微商工具','b846a467cec042cb8f8f3a819c6eb1c3','application/package/微商工具_V1.1_Build161203165722131_20161203171203.ipa','application/package/微商工具_V1.1_Build161203165722131_20161203171203-dSYM.zip','1.1','application/icon/20161203171203.png','2016-12-03 09:12:03','2016-12-03 09:12:03','com.e-design.cmtool','','161203165722131',31),(149,37,0,4,31,'壁纸HD','2b31cacef6ab48a79691c8a796636b09','application/package/壁纸HD_V2.3.4_Build161203180756241_20161203181856.ipa','application/package/壁纸HD_V2.3.4_Build161203180756241_20161203181856-dSYM.zip','2.3.4','application/icon/20161203181856.png','2016-12-03 10:18:56','2016-12-03 10:18:57','com.gao7.wallpaper.pid37ch03T','','161203180756241',36),(150,62,1,1,3,'微商工具','883981beb5c645a0a09496f344e4adf5','application/package/微商工具_V1.1_Build161203182522132_20161203184315.ipa','application/package/微商工具_V1.1_Build161203182522132_20161203184315-dSYM.zip','1.1','application/icon/20161203184315.png','2016-12-03 10:43:15','2016-12-03 10:43:15','com.e-design.cmtool','','161203182522132',31),(151,0,0,0,0,'UNGameDemo','c99913ef732e477eac49d58325f0bbf7','application/package/UNGameDemo_V1.0_Build16120518042927_20161205180627.ipa','application/package/UNGameDemo_V1.0_Build16120518042927_20161205180627-dSYM.zip','1.0','application/icon/default_icon.png','2016-12-05 10:06:27','2016-12-05 10:06:27','com.ungame.sdk.UNGameDemo','','16120518042927',51),(152,0,0,0,0,'UNGameDemo','c9d5d265fbc74c80a34e3c3818e5bb4e','application/package/UNGameDemo_V1.0_Build16120518071228_20161205180853.ipa','application/package/UNGameDemo_V1.0_Build16120518071228_20161205180853-dSYM.zip','1.0','application/icon/default_icon.png','2016-12-05 10:08:53','2016-12-05 10:08:53','com.ungame.sdk.UNGameDemo','','16120518071228',51),(153,62,1,1,3,'微商工具','73643557376a45c38075c456e1c7b85b','application/package/微商工具_V1.1_Build161206095249134_20161206100337.ipa','application/package/微商工具_V1.1_Build161206095249134_20161206100337-dSYM.zip','1.1','application/icon/20161206100337.png','2016-12-06 02:03:37','2016-12-06 02:03:38','com.e-design.cmtool','','161206095249134',31),(154,37,0,4,32,'壁纸HD','d8958a291bac49daa4b28203ca830c82','application/package/壁纸HD_V2.3.4_Build161206101133242_20161206102233.ipa','application/package/壁纸HD_V2.3.4_Build161206101133242_20161206102233-dSYM.zip','2.3.4','application/icon/20161206102233.png','2016-12-06 02:22:33','2016-12-06 02:22:33','com.gao7.wallpaper.pid37ch03','','161206101133242',36),(155,0,0,0,0,'UNGameDemo','1b6af83900da4fb4a8d1866b49ce1f37','application/package/UNGameDemo_V1.0_Build16120611082429_20161206111029.ipa','application/package/UNGameDemo_V1.0_Build16120611082429_20161206111029-dSYM.zip','1.0','application/icon/default_icon.png','2016-12-06 03:10:29','2016-12-06 03:10:29','com.ungame.sdk.UNGameDemo','','16120611082429',51),(156,62,1,1,3,'微商工具','f458898e1281427c9df4d5c680301a84','application/package/微商工具_V1.1_Build161206143019135_20161206144104.ipa','application/package/微商工具_V1.1_Build161206143019135_20161206144104-dSYM.zip','1.1','application/icon/20161206144104.png','2016-12-06 06:41:04','2016-12-06 06:41:04','com.e-design.cmtool','','161206143019135',31),(157,37,0,4,32,'壁纸HD','5f67e02933aa419b9f94ffbe904a5bae','application/package/壁纸HD_V2.3.4_Build161206154343243_20161206155353.ipa','application/package/壁纸HD_V2.3.4_Build161206154343243_20161206155353-dSYM.zip','2.3.4','application/icon/20161206155353.png','2016-12-06 07:53:53','2016-12-06 07:53:53','com.gao7.wallpaper.pid37ch03','','161206154343243',36),(158,37,0,4,32,'超高清壁纸','95014fd896844864a47dec300f8f5cc6','application/package/超高清壁纸_V2.3.4_Build201611031650_20161206163200.ipa','application/package/超高清壁纸_V2.3.4_Build201611031650_20161206163200-dSYM.zip','2.3.4','application/icon/20161206163200.png','2016-12-06 08:32:00','2016-12-06 08:32:00','com.gao7.wallpaper.pid37ch03','','201611031650',36),(159,37,0,4,32,'壁纸HD','a9e1647d896642f39d4b1629ca55c2c0','application/package/壁纸HD_V2.3.4_Build161206163031245_20161206164322.ipa','application/package/壁纸HD_V2.3.4_Build161206163031245_20161206164322-dSYM.zip','2.3.4','application/icon/20161206164322.png','2016-12-06 08:43:22','2016-12-06 08:43:22','com.gao7.wallpaper.pid37ch03','','161206163031245',36),(160,37,0,4,34,'壁纸HD','4a2985a6e8ae4237bf430dc5053eadbb','application/package/壁纸HD_V2.3.4_Build161206180440246_20161206182124.ipa','application/package/壁纸HD_V2.3.4_Build161206180440246_20161206182124-dSYM.zip','2.3.4','application/icon/20161206182124.png','2016-12-06 10:21:24','2016-12-06 10:21:24','com.gao7.wallpaper.pid37ch03','','161206180440246',36),(161,0,0,0,0,'UNGameDemo','02cb4bb0fbcb4058933e3b56657c225e','application/package/UNGameDemo_V1.0_Build16120716455931_20161207164828.ipa','application/package/UNGameDemo_V1.0_Build16120716455931_20161207164828-dSYM.zip','1.0','application/icon/default_icon.png','2016-12-07 08:48:28','2016-12-07 08:48:28','com.ungame.sdk.UNGameDemo','','16120716455931',51),(162,37,0,4,34,'壁纸HD','18159f4bfef144a097bb17382e72b986','application/package/壁纸HD_V2.3.4_Build161207185924247_20161207191856.ipa','application/package/壁纸HD_V2.3.4_Build161207185924247_20161207191856-dSYM.zip','2.3.4','application/icon/20161207191856.png','2016-12-07 11:18:56','2016-12-07 11:18:56','com.gao7.wallpaper.pid37ch03','','161207185924247',36),(163,0,0,0,0,'UNGameDemo','c2242658821c4da3a4a6fa20c5cde120','application/package/UNGameDemo_V1.0_Build16120815351732_20161208153833.ipa','application/package/UNGameDemo_V1.0_Build16120815351732_20161208153833-dSYM.zip','1.0','application/icon/default_icon.png','2016-12-08 07:38:33','2016-12-08 07:38:33','com.ungame.sdk.UNGameDemo','','16120815351732',51),(164,0,0,0,0,'UNGameDemo','6e677cfc5642402f9f5bbc1e32dcbc90','application/package/UNGameDemo_V1.0_Build16120816045433_20161208160758.ipa','application/package/UNGameDemo_V1.0_Build16120816045433_20161208160758-dSYM.zip','1.0','application/icon/default_icon.png','2016-12-08 08:07:58','2016-12-08 08:07:58','com.ungame.sdk.UNGameDemo','','16120816045433',51),(165,0,0,0,0,'UNGameDemo','beb55cb68c5147fc8950808aad994d0e','application/package/UNGameDemo_V1.0_Build16120816324534_20161208163531.ipa','application/package/UNGameDemo_V1.0_Build16120816324534_20161208163531-dSYM.zip','1.0','application/icon/default_icon.png','2016-12-08 08:35:31','2016-12-08 08:35:31','com.ungame.sdk.UNGameDemo','','16120816324534',51),(166,0,0,0,0,'UNGameDemo','5a142b1efeec4e06a2f339367e0a8caf','application/package/UNGameDemo_V1.0_Build16120816584935_20161208170203.ipa','application/package/UNGameDemo_V1.0_Build16120816584935_20161208170203-dSYM.zip','1.0','application/icon/default_icon.png','2016-12-08 09:02:03','2016-12-08 09:02:03','com.ungame.sdk.UNGameDemo','','16120816584935',51),(167,37,0,4,34,'壁纸HD','5216afed709d465a9685b0db79bf0120','application/package/壁纸HD_V2.3.4_Build161208192717248_20161208194756.ipa','application/package/壁纸HD_V2.3.4_Build161208192717248_20161208194756-dSYM.zip','2.3.4','application/icon/20161208194756.png','2016-12-08 11:47:57','2016-12-08 11:48:37','com.gao7.wallpaper.pid37ch03','','161208192717248',36),(168,0,0,0,0,'UNGameDemo','20dd5fb861884981a1a2ea777dfa6b75','application/package/UNGameDemo_V1.0_Build16120914210136_20161209143138.ipa','application/package/UNGameDemo_V1.0_Build16120914210136_20161209143138-dSYM.zip','1.0','application/icon/default_icon.png','2016-12-09 06:31:38','2016-12-09 06:31:38','com.ungame.sdk.UNGameDemo','','16120914210136',51),(169,37,0,4,34,'壁纸HD','8663fc83c1954fe18209eddcf220de54','application/package/壁纸HD_V2.3.4_Build161209141144250_20161209143425.ipa','application/package/壁纸HD_V2.3.4_Build161209141144250_20161209143425-dSYM.zip','2.3.4','application/icon/20161209143425.png','2016-12-09 06:34:25','2016-12-09 06:34:25','com.gao7.wallpaper.pid37ch03','','161209141144250',36),(170,37,0,4,34,'壁纸HD','fc89085c377f4602820064b27e5f953f','application/package/壁纸HD_V2.3.4_Build161209184749251_20161209190133.ipa','application/package/壁纸HD_V2.3.4_Build161209184749251_20161209190133-dSYM.zip','2.3.4','application/icon/20161209190133.png','2016-12-09 11:01:33','2016-12-09 11:01:33','com.gao7.wallpaper.pid37ch03','','161209184749251',36),(171,0,0,0,0,'UNGameDemo','f0d76a0d3e044a8ebd269687c5ec2196','application/package/UNGameDemo_V1.0_Build16121217043437_20161212170814.ipa','application/package/UNGameDemo_V1.0_Build16121217043437_20161212170814-dSYM.zip','1.0','application/icon/default_icon.png','2016-12-12 09:08:14','2016-12-12 09:08:14','com.ungame.sdk.UNGameDemo','','16121217043437',51),(172,0,0,0,0,'UNGameDemo','11f96930bb0643eaa45097df066d2210','application/package/UNGameDemo_V1.0_Build16121217341738_20161212173700.ipa','application/package/UNGameDemo_V1.0_Build16121217341738_20161212173700-dSYM.zip','1.0','application/icon/default_icon.png','2016-12-12 09:37:00','2016-12-12 09:37:00','com.ungame.sdk.UNGameDemo','','16121217341738',51),(173,0,0,0,0,'UNGameDemo','642a18327ec143b791d1553b8e7257dd','application/package/UNGameDemo_V1.0_Build16121310431039_20161213104619.ipa','application/package/UNGameDemo_V1.0_Build16121310431039_20161213104619-dSYM.zip','1.0','application/icon/default_icon.png','2016-12-13 02:46:19','2016-12-13 02:46:19','com.ungame.sdk.UNGameDemo','','16121310431039',51),(174,0,0,0,0,'UNGameDemo','03b920bbea5f41bfb455225d9aa09a74','application/package/UNGameDemo_V1.0_Build16121315370240_20161213154000.ipa','application/package/UNGameDemo_V1.0_Build16121315370240_20161213154000-dSYM.zip','1.0','application/icon/default_icon.png','2016-12-13 07:40:00','2016-12-13 07:40:00','com.ungame.sdk.UNGameDemo','','16121315370240',51),(175,0,0,0,0,'UNGameDemo','104ef4caa09440fc9ec67aac96bd4302','application/package/UNGameDemo_V1.0_Build16121316431241_20161213164622.ipa','application/package/UNGameDemo_V1.0_Build16121316431241_20161213164622-dSYM.zip','1.0','application/icon/default_icon.png','2016-12-13 08:46:22','2016-12-13 08:46:22','com.ungame.sdk.UNGameDemo','','16121316431241',51),(176,0,0,0,0,'UNGameDemo','d6f7b5f956ee49bbbdecdeacdc08c653','application/package/UNGameDemo_V1.0_Build16121411320142_20161214113502.ipa','application/package/UNGameDemo_V1.0_Build16121411320142_20161214113502-dSYM.zip','1.0','application/icon/default_icon.png','2016-12-14 03:35:02','2016-12-14 03:35:02','com.ungame.sdk.UNGameDemo','','16121411320142',51),(177,39,0,4,35,'壁纸HD','a4175f27f4ab4dee8aff94b4e20f5343','application/package/壁纸HD_V2.3.4_Build161214173115254_20161214174245.ipa','application/package/壁纸HD_V2.3.4_Build161214173115254_20161214174245-dSYM.zip','2.3.4','application/icon/20161214174245.png','2016-12-14 09:42:45','2016-12-14 09:42:45','com.gao7.wallpaper.pid39ch4','','161214173115254',36),(178,0,0,0,0,'UNGameDemo','cfb6ed6b758b488c91760d4f7cc98d58','application/package/UNGameDemo_V1.0_Build16121418440343_20161214184627.ipa','application/package/UNGameDemo_V1.0_Build16121418440343_20161214184627-dSYM.zip','1.0','application/icon/default_icon.png','2016-12-14 10:46:27','2016-12-14 10:46:27','com.ungame.sdk.UNGameDemo','','16121418440343',51),(179,0,0,0,0,'UNGameDemo','93bcfeb83443437ea4fec8d93f086c70','application/package/UNGameDemo_V1.0_Build16121418490946_20161214185053.ipa','application/package/UNGameDemo_V1.0_Build16121418490946_20161214185053-dSYM.zip','1.0','application/icon/default_icon.png','2016-12-14 10:50:53','2016-12-14 10:50:53','com.ungame.sdk.UNGameDemo','','16121418490946',51),(180,0,0,0,0,'UNGameDemo','07521cfb01b64a09854b36faeecc1d2f','application/package/UNGameDemo_V1.0_Build16121418514547_20161214185352.ipa','application/package/UNGameDemo_V1.0_Build16121418514547_20161214185352-dSYM.zip','1.0','application/icon/default_icon.png','2016-12-14 10:53:52','2016-12-14 10:53:52','com.ungame.sdk.UNGameDemo','','16121418514547',51),(181,0,0,0,0,'UNGameDemo','3549d512b9f248b188b3b60ffd1221d6','application/package/UNGameDemo_V1.0_Build16121514464649_20161215145026.ipa','application/package/UNGameDemo_V1.0_Build16121514464649_20161215145026-dSYM.zip','1.0','application/icon/default_icon.png','2016-12-15 06:50:26','2016-12-15 06:50:26','com.ungame.sdk.UNGameDemo','','16121514464649',51),(182,0,0,0,0,'UNGameDemo','854059b812d6462bbeb928e78a925a8d','application/package/UNGameDemo_V1.0_Build16121517043650_20161215171206.ipa','application/package/UNGameDemo_V1.0_Build16121517043650_20161215171206-dSYM.zip','1.0','application/icon/default_icon.png','2016-12-15 09:12:06','2016-12-15 09:12:06','com.ungame.sdk.UNGameDemo','','16121517043650',51),(183,39,0,4,35,'壁纸HD','97f4fcc2720f456a8856382b76a814c3','application/package/壁纸HD_V2.3.4_Build161215165650255_20161215171341.ipa','application/package/壁纸HD_V2.3.4_Build161215165650255_20161215171341-dSYM.zip','2.3.4','application/icon/20161215171341.png','2016-12-15 09:13:41','2016-12-15 09:13:42','com.gao7.wallpaper.pid39ch4','','161215165650255',36),(184,0,0,0,0,'UNGameDemo','4b4659a8fac54d11a96b2f45115cfe4b','application/package/UNGameDemo_V1.0_Build16121610581351_20161216110101.ipa','application/package/UNGameDemo_V1.0_Build16121610581351_20161216110101-dSYM.zip','1.0','application/icon/default_icon.png','2016-12-16 03:01:01','2016-12-16 03:01:01','com.ungame.sdk.UNGameDemo','','16121610581351',51),(185,39,0,4,35,'壁纸HD','6613daa7f9f2482a8c11e69b52d32df8','application/package/壁纸HD_V2.3.4_Build161216120849256_20161216121953.ipa','application/package/壁纸HD_V2.3.4_Build161216120849256_20161216121953-dSYM.zip','2.3.4','application/icon/20161216121953.png','2016-12-16 04:19:53','2016-12-16 04:19:53','com.gao7.wallpaper.pid39ch4','','161216120849256',36),(186,0,0,0,0,'UNGameDemo','49c5ae2529754d82865cca6b2423548e','application/package/UNGameDemo_V1.0_Build16121615563452_20161216161458.ipa','application/package/UNGameDemo_V1.0_Build16121615563452_20161216161458-dSYM.zip','1.0','application/icon/default_icon.png','2016-12-16 08:14:58','2016-12-16 08:14:58','com.ungame.sdk.UNGameDemo','','16121615563452',51),(187,39,0,4,35,'壁纸HD','edf8f91081b844a88efef93a85dac4fc','application/package/壁纸HD_V2.3.4_Build161216155821257_20161216161724.ipa','application/package/壁纸HD_V2.3.4_Build161216155821257_20161216161724-dSYM.zip','2.3.4','application/icon/20161216161724.png','2016-12-16 08:17:24','2016-12-16 08:17:24','com.gao7.wallpaper.pid39ch4','','161216155821257',36),(188,0,0,0,0,'UNGameDemo','2fb723cf472f4ca2bb149b680200b6e9','application/package/UNGameDemo_V1.0_Build16121616355653_20161216163812.ipa','application/package/UNGameDemo_V1.0_Build16121616355653_20161216163812-dSYM.zip','1.0','application/icon/default_icon.png','2016-12-16 08:38:12','2016-12-16 08:38:12','com.ungame.sdk.UNGameDemo','','16121616355653',51),(189,0,0,0,0,'UNGameDemo','95ce7b5d4a0b40d5a108c7d74fee9bf4','application/package/UNGameDemo_V1.0_Build16121616404054_20161216164229.ipa','application/package/UNGameDemo_V1.0_Build16121616404054_20161216164229-dSYM.zip','1.0','application/icon/default_icon.png','2016-12-16 08:42:29','2016-12-16 08:42:29','com.ungame.sdk.UNGameDemo','','16121616404054',51),(190,0,0,0,0,'UNGameDemo','d0fddee7c6434790872a1e173957050f','application/package/UNGameDemo_V1.0_Build16121617010955_20161216170252.ipa','application/package/UNGameDemo_V1.0_Build16121617010955_20161216170252-dSYM.zip','1.0','application/icon/default_icon.png','2016-12-16 09:02:52','2016-12-16 09:02:52','com.ungame.sdk.UNGameDemo','','16121617010955',51),(191,39,0,4,35,'壁纸HD','a4dd377036844ba48ba023b2aa042525','application/package/壁纸HD_V2.4_Build161216173830258_20161216181156.ipa','application/package/壁纸HD_V2.4_Build161216173830258_20161216181156-dSYM.zip','2.4','application/icon/20161216181156.png','2016-12-16 10:11:56','2016-12-16 10:11:56','com.gao7.wallpaper.pid39ch4','','161216173830258',36),(192,39,0,4,35,'壁纸HD','75d98f82fc294d74947620dc8280f287','application/package/壁纸HD_V2.4_Build161216182703259_20161216183957.ipa','application/package/壁纸HD_V2.4_Build161216182703259_20161216183957-dSYM.zip','2.4','application/icon/20161216183957.png','2016-12-16 10:39:57','2016-12-16 10:39:57','com.gao7.wallpaper.pid39ch4','','161216182703259',36),(193,0,0,0,0,'UNGameDemo','41eaf887119443df99dc7ae5f5c5d641','application/package/UNGameDemo_V1.0_Build16121912005856_20161219120456.ipa','application/package/UNGameDemo_V1.0_Build16121912005856_20161219120456-dSYM.zip','1.0','application/icon/default_icon.png','2016-12-19 04:04:56','2016-12-19 04:04:56','com.ungame.sdk.UNGameDemo','','16121912005856',51),(194,0,0,0,0,'UNGameDemo','0cca1b8a6dbe4237a3b1cdb5d976639a','application/package/UNGameDemo_V1.0_Build16122011161757_20161220112005.ipa','application/package/UNGameDemo_V1.0_Build16122011161757_20161220112005-dSYM.zip','1.0','application/icon/default_icon.png','2016-12-20 03:20:05','2016-12-20 03:20:05','com.ungame.sdk.UNGameDemo','','16122011161757',51),(195,0,0,0,0,'UNGameDemo','1af974fb0bc643b9897f2f31f90a033b','application/package/UNGameDemo_V1.0_Build16122015042058_20161220150744.ipa','application/package/UNGameDemo_V1.0_Build16122015042058_20161220150744-dSYM.zip','1.0','application/icon/default_icon.png','2016-12-20 07:07:44','2016-12-20 07:07:44','com.ungame.sdk.UNGameDemo','','16122015042058',51),(196,0,0,0,0,'UNGameDemo','00d90f18b9c64568ad1051d6ecb96932','application/package/UNGameDemo_V1.0_Build16122015482659_20161220155144.ipa','application/package/UNGameDemo_V1.0_Build16122015482659_20161220155144-dSYM.zip','1.0','application/icon/default_icon.png','2016-12-20 07:51:44','2016-12-20 07:51:44','com.ungame.sdk.UNGameDemo','','16122015482659',51),(197,0,0,0,0,'UNGameDemo','59f2a67131204d17b07ab046fa419555','application/package/UNGameDemo_V1.0_Build16122110491760_20161221105249.ipa','application/package/UNGameDemo_V1.0_Build16122110491760_20161221105249-dSYM.zip','1.0','application/icon/default_icon.png','2016-12-21 02:52:49','2016-12-21 02:52:49','com.ungame.sdk.UNGameDemo','','16122110491760',51),(198,0,0,0,0,'UNGameDemo','17a27cc1c6194df7b0a268323bb317f4','application/package/UNGameDemo_V1.0_Build16122111182561_20161221112205.ipa','application/package/UNGameDemo_V1.0_Build16122111182561_20161221112205-dSYM.zip','1.0','application/icon/default_icon.png','2016-12-21 03:22:05','2016-12-21 03:22:05','com.ungame.sdk.UNGameDemo','','16122111182561',51),(199,0,0,0,0,'UNGameDemo','011806272ab44295853a72428c6decd9','application/package/UNGameDemo_V1.0_Build16122115160962_20161221151933.ipa','application/package/UNGameDemo_V1.0_Build16122115160962_20161221151933-dSYM.zip','1.0','application/icon/default_icon.png','2016-12-21 07:19:33','2016-12-21 07:19:33','com.ungame.sdk.UNGameDemo','','16122115160962',51),(200,70,0,1,1,'电池大师','fa9b61f2a7743cb490fe8b1e9ab6a0c8','application/package/电池大师_V1.0_Build16122214550716_20161222145719.ipa','application/package/电池大师_V1.0_Build16122214550716_20161222145719-dSYM.zip','1.0','application/icon/20161222145719.png','2016-12-22 06:57:19','2016-12-26 02:13:03','com.battery.master','','16122214550716',30),(201,70,1,1,1,'电池大师','8a94891e57064ac8b968d74f65d01726','application/package/电池大师_V1.0_Build16122215034317_20161222150551.ipa','application/package/电池大师_V1.0_Build16122215034317_20161222150551-dSYM.zip','1.0','application/icon/20161222150551.png','2016-12-22 07:05:51','2016-12-22 07:05:51','com.battery.master','','16122215034317',30),(202,62,1,2,3,'微商工具','0410ba4953d7489f9012d28ec1b424b8','application/package/微商工具_V1.1_Build161223110044140_20161223111328.ipa','application/package/微商工具_V1.1_Build161223110044140_20161223111328-dSYM.zip','1.1','application/icon/20161223111328.png','2016-12-23 03:13:28','2016-12-23 03:13:28','com.e-design.cmtool.pid62ch2','','161223110044140',31),(203,62,1,2,3,'微商工具','0b5ad985acad4d42a6e16afa112c2423','application/package/微商工具_V1.1_Build161223142057141_20161223143225.ipa','application/package/微商工具_V1.1_Build161223142057141_20161223143225-dSYM.zip','1.1','application/icon/20161223143225.png','2016-12-23 06:32:25','2016-12-23 06:32:25','com.e-design.cmtool.pid62ch2','','161223142057141',31),(204,601,1,10000,2900,'IN货','66f9a5d13fa748faa1cdfee61c10b64e','application/package/IN货_V1.5.0_Build201605271853_20161226114932.ipa','application/package/IN货_V1.5.0_Build201605271853_20161226114932-dSYM.zip','1.5.0','application/icon/20161226114932.png','2016-12-26 03:49:32','2016-12-26 03:49:32','com.jianeng.technology','','201605271853',58),(205,0,0,0,0,'UNGameDemo','3852bffc233c4faaac2c9abc6713ed2c','application/package/UNGameDemo_V1.0_Build16122613430463_20161226134658.ipa','application/package/UNGameDemo_V1.0_Build16122613430463_20161226134658-dSYM.zip','1.0','application/icon/default_icon.png','2016-12-26 05:46:58','2016-12-26 05:46:58','com.ungame.sdk.UNGameDemo','','16122613430463',51),(206,601,1,10000,10600,'IN货','9beaa42240854331ba98804bdd509ef1','application/package/IN货_V1.6.0_Build201605271853_20161226141356.ipa','application/package/IN货_V1.6.0_Build201605271853_20161226141356-dSYM.zip','1.6.0','application/icon/20161226141356.png','2016-12-26 06:13:56','2016-12-26 06:13:56','com.jianeng.technology','','201605271853',58),(207,62,1,2,3,'微商工具','d9124aa2b3664a008cc752e8ff6860c3','application/package/微商工具_V1.1_Build161226155126143_20161226161631.ipa','application/package/微商工具_V1.1_Build161226155126143_20161226161631-dSYM.zip','1.1','application/icon/20161226161631.png','2016-12-26 08:16:31','2016-12-26 08:16:31','com.e-design.cmtool.pid62ch2','','161226155126143',31),(208,0,0,0,0,'UNGameDemo','58f1bb6fc187470689ba543ebe504e7b','application/package/UNGameDemo_V1.0_Build16122618310664_20161226183552.ipa','application/package/UNGameDemo_V1.0_Build16122618310664_20161226183552-dSYM.zip','1.0','application/icon/default_icon.png','2016-12-26 10:35:52','2016-12-26 10:35:52','com.ungame.sdk.UNGameDemo','','16122618310664',51),(209,0,0,0,0,'UNGameDemo','6ea103221cd241ccaa2eac5ec0c80367','application/package/UNGameDemo_V1.0_Build16122620064865_20161226201307.ipa','application/package/UNGameDemo_V1.0_Build16122620064865_20161226201307-dSYM.zip','1.0','application/icon/default_icon.png','2016-12-26 12:13:07','2016-12-26 12:13:07','com.ungame.sdk.UNGameDemo','','16122620064865',51),(210,0,0,0,0,'UNGameDemo','5f0629033a774951b23ceddc3ce5aef5','application/package/UNGameDemo_V1.0_Build16122620220866_20161226202732.ipa','application/package/UNGameDemo_V1.0_Build16122620220866_20161226202732-dSYM.zip','1.0','application/icon/default_icon.png','2016-12-26 12:27:32','2016-12-26 12:27:32','com.ungame.sdk.UNGameDemo','','16122620220866',51),(211,0,0,0,0,'UNGameDemo','8ffc5b29302240ca9df1c0f81df7d188','application/package/UNGameDemo_V1.0_Build16122621015567_20161226210500.ipa','application/package/UNGameDemo_V1.0_Build16122621015567_20161226210500-dSYM.zip','1.0','application/icon/default_icon.png','2016-12-26 13:05:00','2016-12-26 13:05:00','com.ungame.sdk.UNGameDemo','','16122621015567',51),(212,0,0,0,0,'UNGameDemo','15e3c43223cd4083b423b4ef1357ecad','application/package/UNGameDemo_V1.0_Build16122621200468_20161226212250.ipa','application/package/UNGameDemo_V1.0_Build16122621200468_20161226212250-dSYM.zip','1.0','application/icon/default_icon.png','2016-12-26 13:22:50','2016-12-26 13:22:50','com.ungame.sdk.UNGameDemo','','16122621200468',51),(213,601,1,10000,10600,'IN货','8e10790b90ea44c0a837fc9bf72e7d66','application/package/IN货_V1.6.0_Build201605271853_20161227100135.ipa','application/package/IN货_V1.6.0_Build201605271853_20161227100135-dSYM.zip','1.6.0','application/icon/20161227100135.png','2016-12-27 02:01:35','2016-12-27 02:01:35','com.jianeng.technology','','201605271853',58),(214,0,0,0,0,'UNGameDemo','8984172f693545e1839e577410c8dfca','application/package/UNGameDemo_V1.0_Build16122710022769_20161227100552.ipa','application/package/UNGameDemo_V1.0_Build16122710022769_20161227100552-dSYM.zip','1.0','application/icon/default_icon.png','2016-12-27 02:05:52','2016-12-27 02:05:52','com.ungame.sdk.UNGameDemo','','16122710022769',51),(215,0,0,0,0,'UNGameDemo','1eafe77c7c5146aa8b7d792b553c9915','application/package/UNGameDemo_V1.0_Build16122710172370_20161227101958.ipa','application/package/UNGameDemo_V1.0_Build16122710172370_20161227101958-dSYM.zip','1.0','application/icon/default_icon.png','2016-12-27 02:19:58','2016-12-27 02:19:58','com.ungame.sdk.UNGameDemo','','16122710172370',51),(216,0,0,0,0,'UNGameDemo','ca3443e3664c4e0ea23b56e0b69832ab','application/package/UNGameDemo_V1.0_Build16122710491571_20161227105203.ipa','application/package/UNGameDemo_V1.0_Build16122710491571_20161227105203-dSYM.zip','1.0','application/icon/default_icon.png','2016-12-27 02:52:03','2016-12-27 02:52:03','com.ungame.sdk.UNGameDemo','','16122710491571',51),(217,0,0,0,0,'UNGameDemo','f8831d31724b40e1b87db1a6466402d5','application/package/UNGameDemo_V1.0_Build16122711554973_20161227115857.ipa','application/package/UNGameDemo_V1.0_Build16122711554973_20161227115857-dSYM.zip','1.0','application/icon/default_icon.png','2016-12-27 03:58:57','2016-12-27 03:58:57','com.ungame.sdk.UNGameDemo','','16122711554973',51),(218,0,0,0,0,'UNGameDemo','4f623aef2df9405aac563725e14a2d33','application/package/UNGameDemo_V1.0_Build16122714155974_20161227141954.ipa','application/package/UNGameDemo_V1.0_Build16122714155974_20161227141954-dSYM.zip','1.0','application/icon/default_icon.png','2016-12-27 06:19:54','2016-12-27 06:19:54','com.ungame.sdk.UNGameDemo','','16122714155974',51),(219,999,1,999,999,'微商工具','e56035bb8a3e430e9cd247bca39be360','application/package/微商工具_V1.1_Build161227180845145_20161227182342.ipa','application/package/微商工具_V1.1_Build161227180845145_20161227182342-dSYM.zip','1.1','application/icon/20161227182342.png','2016-12-27 10:23:42','2016-12-27 10:23:42','com.e-design.cmtool.pid62ch2','','161227180845145',31),(220,29,1,3,1,'电池大师','9684373097b548499072e3ad65897de6','application/package/电池大师_V1.0_Build16122814283919_20161228143242.ipa','application/package/电池大师_V1.0_Build16122814283919_20161228143242-dSYM.zip','1.0','application/icon/20161228143242.png','2016-12-28 06:32:42','2016-12-28 06:32:42','com.battery.master','','16122814283919',30),(221,601,1,10000,10600,'IN货','52507ef82c544a1eac652ea47632f748','application/package/IN货_V1.6.0_Build201612281025_20161228153034.ipa','application/package/IN货_V1.6.0_Build201612281025_20161228153034-dSYM.zip','1.6.0','application/icon/20161228153034.png','2016-12-28 07:30:34','2016-12-28 07:30:34','com.jianeng.technology','','201612281025',58),(222,0,0,0,0,'电池大师','cff0e0a5468744929c0242a9ba64fb89','application/package/电池大师_V1.0_Build16122816421320_20161228164628.ipa','application/package/电池大师_V1.0_Build16122816421320_20161228164628-dSYM.zip','1.0','application/icon/20161228164628.png','2016-12-28 08:46:28','2016-12-28 08:46:28','com.battery.master','','16122816421320',30),(223,0,0,0,0,'电池大师','6af48ddef5814628a07b3faabdb7dc12','application/package/电池大师_V1.0_Build16122816531721_20161228165703.ipa','application/package/电池大师_V1.0_Build16122816531721_20161228165703-dSYM.zip','1.0','application/icon/20161228165703.png','2016-12-28 08:57:03','2016-12-28 08:57:03','com.battery.master','','16122816531721',30),(224,29,0,0,0,'电池大师','f2a5c6d6e4df44b19bfd4a48be34d441','application/package/电池大师_V1.0_Build16122817025222_20161228170601.ipa','application/package/电池大师_V1.0_Build16122817025222_20161228170601-dSYM.zip','1.0','application/icon/20161228170601.png','2016-12-28 09:06:01','2016-12-28 09:06:01','com.battery.master','','16122817025222',30),(225,0,0,0,0,'UNGameDemo','2b8c50a9e5f24e1a8fc816cc11afb68b','application/package/UNGameDemo_V1.0_Build16122915092475_20161229151249.ipa','application/package/UNGameDemo_V1.0_Build16122915092475_20161229151249-dSYM.zip','1.0','application/icon/default_icon.png','2016-12-29 07:12:49','2016-12-29 07:12:49','com.ungame.sdk.UNGameDemo','','16122915092475',51),(226,0,0,0,0,'UNGameDemo','2c1964c4f771406c91a8fac5bc142444','application/package/UNGameDemo_V1.0_Build16122915532776_20161229155616.ipa','application/package/UNGameDemo_V1.0_Build16122915532776_20161229155616-dSYM.zip','1.0','application/icon/default_icon.png','2016-12-29 07:56:16','2016-12-29 07:56:16','com.ungame.sdk.UNGameDemo','','16122915532776',51),(227,0,0,0,0,'UNGameDemo','76f2406cbc944a37b0b24996fa560e53','application/package/UNGameDemo_V1.0_Build16122916001977_20161229160908.ipa','application/package/UNGameDemo_V1.0_Build16122916001977_20161229160908-dSYM.zip','1.0','application/icon/default_icon.png','2016-12-29 08:09:08','2016-12-29 08:09:08','com.ungame.sdk.UNGameDemo89','','16122916001977',51),(228,0,0,0,0,'UNGameDemo','bb6c98cbeb8542519c3a12e8111336aa','application/package/UNGameDemo_V1.0_Build16122917011378_20161229170449.ipa','application/package/UNGameDemo_V1.0_Build16122917011378_20161229170449-dSYM.zip','1.0','application/icon/default_icon.png','2016-12-29 09:04:49','2016-12-29 09:04:49','com.ungame.sdk.UNGameDemo89','','16122917011378',51),(229,0,0,0,0,'37376','83c0430248ed374b85b1ac33faa3132d','application/package/UNAppStore_V1.0_Build1612291817343_20161229182046.ipa','application/package/UNAppStore_V1.0_Build1612291817343_20161229182046-dSYM.zip','1.0','application/icon/20161229182046.png','2016-12-29 10:20:46','2017-01-10 01:47:26','com.yunfeng.37376.app','','1612291817343',50),(230,0,0,0,0,'UNGameDemo','df3e541fb0e04277863b82cb9d6b09ae','application/package/UNGameDemo_V1.0_Build16122918195982_20161229182422.ipa','application/package/UNGameDemo_V1.0_Build16122918195982_20161229182422-dSYM.zip','1.0','application/icon/default_icon.png','2016-12-29 10:24:22','2016-12-29 10:24:22','com.ungame.sdk.UNGameDemo93','','16122918195982',51),(231,100001,0,0,0,'37376','9c342cb2be13368ebde32d4d0878505c','application/package/UNAppStore_V1.0_Build1612291832356_20161229183514.ipa','application/package/UNAppStore_V1.0_Build1612291832356_20161229183514-dSYM.zip','1.0','application/icon/20161229183514.png','2016-12-29 10:35:14','2017-01-10 01:47:32','com.yunfeng.37376.app','','1612291832356',50),(232,0,0,0,0,'UNGameDemo','865d1dabb7a84185a4796f1f21e1d786','application/package/UNGameDemo_V1.0_Build16122918482983_20161229185140.ipa','application/package/UNGameDemo_V1.0_Build16122918482983_20161229185140-dSYM.zip','1.0','application/icon/default_icon.png','2016-12-29 10:51:40','2016-12-29 10:51:40','com.ungame.sdk.UNGameDemo89','','16122918482983',51),(233,0,0,0,0,'UNGameDemo','acf9e5507abd4b4b959af33860198401','application/package/UNGameDemo_V1.0_Build16123010582685_20161230110243.ipa','application/package/UNGameDemo_V1.0_Build16123010582685_20161230110243-dSYM.zip','1.0','application/icon/default_icon.png','2016-12-30 03:02:43','2016-12-30 03:02:43','com.ungame.sdk.UNGameDemo92','','16123010582685',51),(234,0,0,0,0,'UNGameDemo','dd0b27d647d94e1b9e0ebb4270b496b1','application/package/UNGameDemo_V1.0_Build16123011161487_20161230111857.ipa','application/package/UNGameDemo_V1.0_Build16123011161487_20161230111857-dSYM.zip','1.0','application/icon/default_icon.png','2016-12-30 03:18:57','2016-12-30 03:18:57','com.ungame.sdk.UNGameDemo64','','16123011161487',51),(235,0,0,0,0,'UNGameDemo','54f278226b1a401bb3617eee3bc19442','application/package/UNGameDemo_V1.0_Build17010410364288_20170104104119.ipa','application/package/UNGameDemo_V1.0_Build17010410364288_20170104104119-dSYM.zip','1.0','application/icon/default_icon.png','2017-01-04 02:41:19','2017-01-04 02:41:19','com.ungame.sdk.UNGameDemo','','17010410364288',51),(236,65,1,1,0,'微商工具','7904a7072c934c1cb7bcaf0fe55847bd','application/package/微商工具_V1.0_Build1701041651385_20170104171104.ipa','application/package/微商工具_V1.0_Build1701041651385_20170104171104-dSYM.zip','1.0','application/icon/20170104171104.png','2017-01-04 09:11:05','2017-01-04 09:11:08','com.jfsq.tool','','1701041651385',31),(238,65,1,1,1,'微商工具','a21593e83582472a8b0060bf4c768813','application/package/微商工具_V1.0_Build1701051848016_20170105190010.ipa','application/package/微商工具_V1.0_Build1701051848016_20170105190010-dSYM.zip','1.0','application/icon/20170105190010.png','2017-01-05 11:00:10','2017-01-05 11:00:10','com.jfsq.tool','','1701051848016',31),(239,100001,0,0,0,'37376','6b526c64f8743a84a7c606222296fe56','application/package/UNAppStore_V1.0_Build1701061737278_20170106174012.ipa','application/package/UNAppStore_V1.0_Build1701061737278_20170106174012-dSYM.zip','1.0','application/icon/20170106174012.png','2017-01-06 09:40:12','2017-01-10 01:47:39','com.yunfeng.37376.app','','1701061737278',50),(240,65,1,1,1,'微商工具','b84f36040f31429e9125e770503101d6','application/package/微商工具_V1.0_Build1701061846277_20170106185608.ipa','application/package/微商工具_V1.0_Build1701061846277_20170106185608-dSYM.zip','1.0','application/icon/20170106185608.png','2017-01-06 10:56:08','2017-01-06 10:56:10','com.jfsq.tool','','1701061846277',31),(241,52,0,0,0,'清理大师','7db763caf4d64840b94ae12662198734','application/package/清理大师_V1.2.5_Build17010910214779_20170109102455.ipa','application/package/清理大师_V1.2.5_Build17010910214779_20170109102455-dSYM.zip','1.2.5','application/icon/20170109102455.png','2017-01-09 02:24:55','2017-01-09 02:24:55','com.cleanup.masters.pid52ch3','','17010910214779',30),(242,65,1,1,1,'微商工具','9e55998ed27247c9b48c6ee72248c14a','application/package/微商工具_V1.0_Build1701091145259_20170109115602.ipa','application/package/微商工具_V1.0_Build1701091145259_20170109115602-dSYM.zip','1.0','application/icon/20170109115602.png','2017-01-09 03:56:02','2017-01-09 03:56:02','com.jfsq.tool','','1701091145259',31),(243,0,0,0,0,'UNGameDemo','6d5c7ef10bfd45a7a61e4c5e689dbd93','application/package/UNGameDemo_V1.0_Build17010915303589_20170109153338.ipa','application/package/UNGameDemo_V1.0_Build17010915303589_20170109153338-dSYM.zip','1.0','application/icon/default_icon.png','2017-01-09 07:33:38','2017-01-09 07:33:38','com.ungame.sdk.UNGameDemo','','17010915303589',51),(244,65,1,1,1,'微商工具','4551e61df2da477ca9d23abf951b5e59','application/package/微商工具_V1.0_Build17010916405511_20170109165220.ipa','application/package/微商工具_V1.0_Build17010916405511_20170109165220-dSYM.zip','1.0','application/icon/20170109165220.png','2017-01-09 08:52:20','2017-01-09 08:52:20','com.jfsq.tool','','17010916405511',31),(245,100001,0,0,0,'37376','cd14138f3e643775b44f062536ffe557','application/package/UNAppStore_V1.0_Build1701091740199_20170109174214.ipa','application/package/UNAppStore_V1.0_Build1701091740199_20170109174214-dSYM.zip','1.0','application/icon/20170109174214.png','2017-01-09 09:42:14','2017-01-10 01:47:45','com.yunfeng.37376.app','','1701091740199',50),(246,65,1,1,1,'微商工具','be63c5530c1a433e82c392ffbeca7035','application/package/微商工具_V1.0_Build17010917564612_20170109180712.ipa','application/package/微商工具_V1.0_Build17010917564612_20170109180712-dSYM.zip','1.0','application/icon/20170109180712.png','2017-01-09 10:07:12','2017-01-09 10:07:12','com.jfsq.tool','','17010917564612',31),(247,0,0,0,0,'UNGameDemo','de7d762b51d64fcc86d0f7391c0d95e1','application/package/UNGameDemo_V1.0_Build17010918512890_20170109185354.ipa','application/package/UNGameDemo_V1.0_Build17010918512890_20170109185354-dSYM.zip','1.0','application/icon/default_icon.png','2017-01-09 10:53:54','2017-01-09 10:53:54','com.ungame.sdk.UNGameDemo','','17010918512890',51),(248,0,0,0,0,'UNGameDemo','1e6b3009a0bd4385b179e54fae20ea3e','application/package/UNGameDemo_V1.0_Build17010920020591_20170109200355.ipa','application/package/UNGameDemo_V1.0_Build17010920020591_20170109200355-dSYM.zip','1.0','application/icon/default_icon.png','2017-01-09 12:03:55','2017-01-09 12:03:55','com.ungame.sdk.UNGameDemo','','17010920020591',51),(249,0,0,0,0,'UNGameDemo','cd29e43fb63547938a37c1ecc2621b31','application/package/UNGameDemo_V1.0_Build17010920565592_20170109205850.ipa','application/package/UNGameDemo_V1.0_Build17010920565592_20170109205850-dSYM.zip','1.0','application/icon/default_icon.png','2017-01-09 12:58:50','2017-01-09 12:58:50','com.ungame.sdk.UNGameDemo','','17010920565592',51),(250,0,0,0,0,'UNGameDemo','30eb18995309447cab48eaf2d8b59451','application/package/UNGameDemo_V1.0_Build17010922585893_20170109230119.ipa','application/package/UNGameDemo_V1.0_Build17010922585893_20170109230119-dSYM.zip','1.0','application/icon/default_icon.png','2017-01-09 15:01:19','2017-01-09 15:01:19','com.ungame.sdk.UNGameDemo','','17010922585893',51),(251,100001,0,0,0,'UNAppStore','f8eade62e8484e28b37eaa33ad634f85','application/package/UNAppStore_V1.0_Build17011009463110_20170110094831.ipa','application/package/UNAppStore_V1.0_Build17011009463110_20170110094831-dSYM.zip','1.0','application/icon/20170110094831.png','2017-01-10 01:48:31','2017-01-10 01:48:31','com.yunfeng.37376.app','','17011009463110',50),(252,52,0,0,0,'清理大师','fd63dfcb49db4e12bc5e48c47484cbdd','application/package/清理大师_V1.2.5_Build17011010305680_20170110103508.ipa','application/package/清理大师_V1.2.5_Build17011010305680_20170110103508-dSYM.zip','1.2.5','application/icon/20170110103508.png','2017-01-10 02:35:08','2017-01-10 02:35:08','com.cleanup.masters.pid52ch3','','17011010305680',30),(253,0,0,0,0,'UNGameDemo','2531865f504a49d29394367eb8c12f6e','application/package/UNGameDemo_V1.0_Build17011011381094_20170110114028.ipa','application/package/UNGameDemo_V1.0_Build17011011381094_20170110114028-dSYM.zip','1.0','application/icon/default_icon.png','2017-01-10 03:40:28','2017-01-10 03:40:28','com.ungame.sdk.UNGameDemo','','17011011381094',51),(254,999,1,999,999,'微商工具','a329c56406d1438ba71bd278977ab9cf','application/package/微商工具_V1.0_Build17011014224215_20170110143306.ipa','application/package/微商工具_V1.0_Build17011014224215_20170110143306-dSYM.zip','1.0','application/icon/20170110143306.png','2017-01-10 06:33:06','2017-01-10 06:33:06','com.jfsq.tool','','17011014224215',31),(255,0,0,0,0,'UNGameDemo','8e7fb7f6906d454a9f854b0b259fbeb1','application/package/UNGameDemo_V1.0_Build17011015410295_20170110154355.ipa','application/package/UNGameDemo_V1.0_Build17011015410295_20170110154355-dSYM.zip','1.0','application/icon/default_icon.png','2017-01-10 07:43:55','2017-01-10 07:43:55','com.ungame.sdk.UNGameDemo1','','17011015410295',51),(256,0,0,0,0,'UNGameDemo','91f0eb2096314c9ea18d652d88672c7a','application/package/UNGameDemo_V1.0_Build17011015530796_20170110155509.ipa','application/package/UNGameDemo_V1.0_Build17011015530796_20170110155509-dSYM.zip','1.0','application/icon/default_icon.png','2017-01-10 07:55:09','2017-01-10 07:55:09','com.ungame.sdk.UNGameDemo1','','17011015530796',51),(257,0,0,0,0,'UNGameDemo','093b77c240174d0b92b6a96267dbae77','application/package/UNGameDemo_V1.0_Build17011016010797_20170110160308.ipa','application/package/UNGameDemo_V1.0_Build17011016010797_20170110160308-dSYM.zip','1.0','application/icon/default_icon.png','2017-01-10 08:03:08','2017-01-10 08:03:08','com.ungame.sdk.UNGameDemo9','','17011016010797',51),(258,0,0,0,0,'UNGameDemo','ea84e2f8f73b4ed48fcb1f040f90b0d4','application/package/UNGameDemo_V1.0_Build17011016065998_20170110160855.ipa','application/package/UNGameDemo_V1.0_Build17011016065998_20170110160855-dSYM.zip','1.0','application/icon/default_icon.png','2017-01-10 08:08:55','2017-01-10 08:08:55','com.ungame.sdk.UNGameDemo9','','17011016065998',51),(259,0,0,0,0,'UNGameDemo','cd7340bcc0fb4a2ead0c3a4bc84b3b43','application/package/UNGameDemo_V1.0_Build17011016110999_20170110161304.ipa','application/package/UNGameDemo_V1.0_Build17011016110999_20170110161304-dSYM.zip','1.0','application/icon/default_icon.png','2017-01-10 08:13:04','2017-01-10 08:13:04','com.ungame.sdk.UNGameDemo1','','17011016110999',51),(260,100001,0,0,0,'37376','8ba5527bbeb94ea583a9dcb0cc608237','application/package/37376_V1.0_Build17011016320712_20170110163610.ipa','application/package/37376_V1.0_Build17011016320712_20170110163610-dSYM.zip','1.0','application/icon/20170110163610.png','2017-01-10 08:36:10','2017-01-10 08:36:10','com.yunfeng.37376.app','','17011016320712',50),(261,0,0,0,0,'UNGameDemo','9601db099a694dcf8f7c2fe38e50d962','application/package/UNGameDemo_V1.0_Build170110175702100_20170110175910.ipa','application/package/UNGameDemo_V1.0_Build170110175702100_20170110175910-dSYM.zip','1.0','application/icon/default_icon.png','2017-01-10 09:59:10','2017-01-10 09:59:10','com.ungame.sdk.UNGameDemo1','','170110175702100',51),(262,0,0,0,0,'UNGameDemo','e8cc21a02567403bbacee594e39f5447','application/package/UNGameDemo_V1.0_Build170110221134101_20170110221401.ipa','application/package/UNGameDemo_V1.0_Build170110221134101_20170110221401-dSYM.zip','1.0','application/icon/default_icon.png','2017-01-10 14:14:01','2017-01-10 14:14:01','com.ungame.sdk.UNGameDemo1','','170110221134101',51),(263,0,0,0,0,'UNGameDemo','aa12b3f3dd7049c99384dd25fa127d43','application/package/UNGameDemo_V1.0_Build170110235345102_20170110235648.ipa','application/package/UNGameDemo_V1.0_Build170110235345102_20170110235648-dSYM.zip','1.0','application/icon/default_icon.png','2017-01-10 15:56:48','2017-01-10 15:56:48','com.ungame.sdk.UNGameDemo1','','170110235345102',51),(264,608,1,10000,10300,'新闻快讯','3a8123667b954346baa4e204cef6d185','application/package/新闻快讯_V1.3.0_Build201701110943_20170111102721.ipa','application/package/新闻快讯_V1.3.0_Build201701110943_20170111102721-dSYM.zip','1.3.0','application/icon/20170111102721.png','2017-01-11 02:27:21','2017-01-11 02:27:21','com.jianeng.newsflash','','201701110943',58),(265,0,0,0,0,'UNGameDemo','d0daade512174b238307b9cc3a28385a','application/package/UNGameDemo_V1.0_Build170111102610103_20170111103152.ipa','application/package/UNGameDemo_V1.0_Build170111102610103_20170111103152-dSYM.zip','1.0','application/icon/default_icon.png','2017-01-11 02:31:52','2017-01-11 02:31:52','com.ungame.sdk.UNGameDemo1','','170111102610103',51),(266,608,1,10000,10300,'新闻快讯','34d97dc7ed664d8d851365256f7e4f81','application/package/新闻快讯_V1.3.0_Build201701110943_20170111105206.ipa','application/package/新闻快讯_V1.3.0_Build201701110943_20170111105206-dSYM.zip','1.3.0','application/icon/20170111105206.png','2017-01-11 02:52:06','2017-01-11 02:52:06','com.jianeng.newsflash','','201701110943',58),(267,0,0,0,0,'UNGameDemo','4e459cfaf2c64a6193871248a0ac8281','application/package/UNGameDemo_V1.0_Build170111140905104_20170111141216.ipa','application/package/UNGameDemo_V1.0_Build170111140905104_20170111141216-dSYM.zip','1.0','application/icon/default_icon.png','2017-01-11 06:12:16','2017-01-11 06:12:16','com.ungame.sdk.UNGameDemo1','','170111140905104',51),(268,0,0,0,0,'UNGameDemo','e2731e5100724b229537405cdf94a92f','application/package/UNGameDemo_V1.0_Build170111161037105_20170111161327.ipa','application/package/UNGameDemo_V1.0_Build170111161037105_20170111161327-dSYM.zip','1.0','application/icon/default_icon.png','2017-01-11 08:13:27','2017-01-11 08:13:27','com.ungame.sdk.UNGameDemo1','','170111161037105',51),(269,0,0,0,0,'UNGameDemo','536c44ec55db447ab9d3fbcbf009a262','application/package/UNGameDemo_V1.0_Build170111170604106_20170111170847.ipa','application/package/UNGameDemo_V1.0_Build170111170604106_20170111170847-dSYM.zip','1.0','application/icon/default_icon.png','2017-01-11 09:08:47','2017-01-11 09:08:47','com.ungame.sdk.UNGameDemo1','','170111170604106',51),(270,100001,0,0,0,'37376','41ef7106c6cb4a0990aade8d301e80f8','application/package/37376_V1.0_Build17011117181213_20170111172107.ipa','application/package/37376_V1.0_Build17011117181213_20170111172107-dSYM.zip','1.0','application/icon/20170111172107.png','2017-01-11 09:21:07','2017-01-11 09:21:07','com.yunfeng.37376.app','','17011117181213',50),(271,0,0,0,0,'UNGameDemo','8bc85c7134e24a79a36f88e703c10629','application/package/UNGameDemo_V1.0_Build170111171657107_20170111172115.ipa','application/package/UNGameDemo_V1.0_Build170111171657107_20170111172115-dSYM.zip','1.0','application/icon/default_icon.png','2017-01-11 09:21:15','2017-01-11 09:21:15','com.ungame.sdk.UNGameDemo1','','170111171657107',51),(272,0,0,0,0,'UNGameDemo','3da16034d2ac4b7e90fffbf9649f163a','application/package/UNGameDemo_V1.0_Build170111175426108_20170111175724.ipa','application/package/UNGameDemo_V1.0_Build170111175426108_20170111175724-dSYM.zip','1.0','application/icon/default_icon.png','2017-01-11 09:57:24','2017-01-11 09:57:24','com.ungame.sdk.UNGameDemo1','','170111175426108',51),(273,0,0,0,0,'UNGameDemo','17ef5bd370b64029bc11303bfef79f6f','application/package/UNGameDemo_V1.0_Build170112101943109_20170112102156.ipa','application/package/UNGameDemo_V1.0_Build170112101943109_20170112102156-dSYM.zip','1.0','application/icon/default_icon.png','2017-01-12 02:21:56','2017-01-12 02:21:57','com.ungame.sdk.UNGameDemo1','','170112101943109',51),(274,608,1,10000,10300,'新闻快讯','cadd1980c54e449f9083a656a924548c','application/package/新闻快讯_V1.3.0_Build201701121506_20170112152054.ipa','application/package/新闻快讯_V1.3.0_Build201701121506_20170112152054-dSYM.zip','1.3.0','application/icon/20170112152054.png','2017-01-12 07:20:54','2017-01-12 07:20:54','com.jianeng.newsflash','','201701121506',58),(275,608,1,10000,10300,'新闻快讯','765e2ee5ae12493bb9cc7307b9a08d24','','','1.3.0','application/icon/20170113182352.png','2017-01-13 10:24:02','2017-01-13 10:24:07','com.jianeng.newsflash','','201701131729',58),(276,608,1,10000,10300,'新闻快讯','fcf4999175e64bf598e7fe9ba3456d53','application/package/新闻快讯_V1.3.0_Build201701131729_20170113182942.ipa','application/package/新闻快讯_V1.3.0_Build201701131729_20170113182942-dSYM.zip','1.3.0','application/icon/20170113182942.png','2017-01-13 10:29:44','2017-01-13 10:29:54','com.jianeng.newsflash','','201701131729',58),(277,100001,0,0,0,'37376','136b8d7885f14783ae0b67a7aaf3c625','application/package/37376_V1.0_Build17011618193814_20170116182150.ipa','application/package/37376_V1.0_Build17011618193814_20170116182150-dSYM.zip','1.0','application/icon/20170116182150.png','2017-01-16 10:21:50','2017-01-16 10:21:50','com.yunfeng.37376.app','','17011618193814',50),(278,37,0,4,36,'壁纸HD','e79e6c600cac4c89ba45e57b075a6771','application/package/壁纸HD_V2.5_Build170116195819265_20170117093031.ipa','application/package/壁纸HD_V2.5_Build170116195819265_20170117093031-dSYM.zip','2.5','application/icon/20170117093031.png','2017-01-17 01:30:31','2017-01-17 01:30:31','com.gao7.wallpaper.pid37ch03','','170116195819265',36),(279,37,0,4,34,'壁纸HD','42d6ee69d1c24faf94237b4b4176add5','application/package/壁纸HD_V2.5_Build170117100931269_20170117101724.ipa','application/package/壁纸HD_V2.5_Build170117100931269_20170117101724-dSYM.zip','2.5','application/icon/20170117101724.png','2017-01-17 02:17:24','2017-01-17 02:17:24','com.gao7.wallpaper.pid37ch03','','170117100931269',36),(280,100001,0,0,0,'37376','9c972db412ac46d39e6dd84a7f28ba43','application/package/37376_V1.0_Build17011711580515_20170117115933.ipa','application/package/37376_V1.0_Build17011711580515_20170117115933-dSYM.zip','1.0','application/icon/20170117115933.png','2017-01-17 03:59:33','2017-01-17 03:59:33','com.yunfeng.37376.app','','17011711580515',50),(281,37,0,4,36,'壁纸HD','dd629344405a43a49c0b4186ff646a8a','application/package/壁纸HD_V2.5_Build170117143242270_20170117144640.ipa','application/package/壁纸HD_V2.5_Build170117143242270_20170117144640-dSYM.zip','2.5','application/icon/20170117144640.png','2017-01-17 06:46:40','2017-01-17 06:46:40','com.gao7.wallpaper.pid37ch03','','170117143242270',36),(282,37,0,4,36,'壁纸HD','0084eb3d90894a888703d37a26769764','application/package/壁纸HD_V2.5_Build170117185756271_20170117190936.ipa','application/package/壁纸HD_V2.5_Build170117185756271_20170117190936-dSYM.zip','2.5','application/icon/20170117190936.png','2017-01-17 11:09:48','2017-01-17 11:10:25','com.gao7.wallpaper.pid37ch03','','170117185756271',36),(283,100001,0,0,0,'37376','91b56a5889204369a96829796c886617','application/package/37376_V1.0_Build17011814192816_20170118142135.ipa','application/package/37376_V1.0_Build17011814192816_20170118142135-dSYM.zip','1.0','application/icon/20170118142135.png','2017-01-18 06:21:35','2017-01-18 06:21:35','com.yunfeng.37376.app','','17011814192816',50),(284,37,0,4,36,'壁纸HD','9e5b74b870fa47adb4a6f3760394bf72','','','2.5','application/icon/20170119094158.png','2017-01-19 01:42:13','2017-01-19 01:42:29','com.gao7.wallpaper.pid37ch03','','170119092536274',36),(285,37,0,4,36,'壁纸HD','e45b279d88f34cbca681cf9742232ba1','application/package/壁纸HD_V2.5_Build170119111800277_20170119112735.ipa','application/package/壁纸HD_V2.5_Build170119111800277_20170119112735-dSYM.zip','2.5','application/icon/20170119112735.png','2017-01-19 03:27:45','2017-01-19 03:28:31','com.gao7.wallpaper.pid37ch03','','170119111800277',36),(286,37,0,4,36,'壁纸HD','68a905ec7d4a43fca99047d8b2cefd2f','application/package/壁纸HD_V2.5_Build170119111800277_20170119115740.ipa','application/package/壁纸HD_V2.5_Build170119111800277_20170119115740-dSYM.zip','2.5','application/icon/20170119115740.png','2017-01-19 03:57:40','2017-01-19 03:57:40','com.gao7.wallpaper.pid37ch03','','170119111800277',36),(287,100001,0,0,0,'37376','783b46132dad44deae9238def33891e1','application/package/37376_V1.0_Build17011916490717_20170119165044.ipa','application/package/37376_V1.0_Build17011916490717_20170119165044-dSYM.zip','1.0','application/icon/20170119165044.png','2017-01-19 08:50:44','2017-01-19 08:50:44','com.yunfeng.37376.app','','17011916490717',50),(288,64,0,4,3,'TDSimpleWallpaper','1994917900014d9387db241d96413222','application/package/TDSimpleWallpaper_V1.2_Build17012214543171_20170122150249.ipa','application/package/TDSimpleWallpaper_V1.2_Build17012214543171_20170122150249-dSYM.zip','1.2','application/icon/20170122150249.png','2017-01-22 07:02:49','2017-01-22 07:02:49','com.rocky.wallpaper.pid64ch4','','17012214543171',36),(289,65,1,1,1,'微商工具','d037b5473315428eb5510e8a03b5ffe9','application/package/微商工具_V1.0_Build17012310394421_20170123105021.ipa','application/package/微商工具_V1.0_Build17012310394421_20170123105021-dSYM.zip','1.0','application/icon/20170123105021.png','2017-01-23 02:50:21','2017-01-23 02:50:21','com.jfsq.tool','','17012310394421',31),(290,64,0,4,3,'TDSimpleWallpaper','f7335c8b647749a1bd47ec0e0c5743f6','application/package/TDSimpleWallpaper_V1.2_Build17012311394073_20170123114338.ipa','application/package/TDSimpleWallpaper_V1.2_Build17012311394073_20170123114338-dSYM.zip','1.2','application/icon/20170123114338.png','2017-01-23 03:43:38','2017-01-23 03:43:38','com.rocky.wallpaper.pid64ch4','','17012311394073',36),(291,64,0,4,3,'TDSimpleWallpaper','7c6fca71fdb140109d7286f23647b876','application/package/TDSimpleWallpaper_V1.2_Build17012317271775_20170123173150.ipa','application/package/TDSimpleWallpaper_V1.2_Build17012317271775_20170123173150-dSYM.zip','1.2','application/icon/20170123173150.png','2017-01-23 09:31:50','2017-01-23 09:31:50','com.rocky.wallpaper.pid64ch4','','17012317271775',36),(292,37,0,1,38,'壁纸HD','a193579a0bf840bc8add4dd3c53656ae','application/package/壁纸HD_V2.5.2_Build170210102320280_20170210103417.ipa','application/package/壁纸HD_V2.5.2_Build170210102320280_20170210103417-dSYM.zip','2.5.2','application/icon/20170210103417.png','2017-02-10 02:34:17','2017-02-10 02:34:17','com.gao7.wallpaper','','170210102320280',36);
/*!40000 ALTER TABLE `Application_g7application` ENABLE KEYS */;
UNLOCK TABLES;

--
-- Table structure for table `Application_g7application_frameworks`
--

DROP TABLE IF EXISTS `Application_g7application_frameworks`;
/*!40101 SET @saved_cs_client     = @@character_set_client */;
/*!40101 SET character_set_client = utf8 */;
CREATE TABLE `Application_g7application_frameworks` (
  `id` int(11) NOT NULL AUTO_INCREMENT,
  `from_g7application_id` int(11) NOT NULL,
  `to_g7application_id` int(11) NOT NULL,
  PRIMARY KEY (`id`),
  UNIQUE KEY `Application_g7application_fr_from_g7application_id_09d536f1_uniq` (`from_g7application_id`,`to_g7application_id`),
  KEY `App_to_g7application_id_3c839676_fk_Application_g7application_id` (`to_g7application_id`),
  CONSTRAINT `App_to_g7application_id_3c839676_fk_Application_g7application_id` FOREIGN KEY (`to_g7application_id`) REFERENCES `Application_g7application` (`id`),
  CONSTRAINT `A_from_g7application_id_8a26ac21_fk_Application_g7application_id` FOREIGN KEY (`from_g7application_id`) REFERENCES `Application_g7application` (`id`)
) ENGINE=InnoDB DEFAULT CHARSET=utf8;
/*!40101 SET character_set_client = @saved_cs_client */;

--
-- Dumping data for table `Application_g7application_frameworks`
--

LOCK TABLES `Application_g7application_frameworks` WRITE;
/*!40000 ALTER TABLE `Application_g7application_frameworks` DISABLE KEYS */;
/*!40000 ALTER TABLE `Application_g7application_frameworks` ENABLE KEYS */;
UNLOCK TABLES;

--
-- Table structure for table `Application_g7product`
--

DROP TABLE IF EXISTS `Application_g7product`;
/*!40101 SET @saved_cs_client     = @@character_set_client */;
/*!40101 SET character_set_client = utf8 */;
CREATE TABLE `Application_g7product` (
  `id` int(11) NOT NULL AUTO_INCREMENT,
  `platform` int(11) NOT NULL,
  `product_type` int(11) NOT NULL,
  `product_status` int(11) NOT NULL,
  `product_id` int(11) NOT NULL,
  `latest_version` varchar(200) DEFAULT NULL,
  `latest_inner_version` int(11) DEFAULT NULL,
  `latest_build_version` varchar(200) DEFAULT NULL,
  `name` varchar(150) NOT NULL,
  `description` longtext,
  `icon` varchar(100) NOT NULL,
  `identifier` varchar(100) NOT NULL,
  `bundleID` varchar(200) NOT NULL,
  `create_at` datetime NOT NULL,
  `modified_at` datetime NOT NULL,
  `owner_id` int(11) DEFAULT NULL,
  PRIMARY KEY (`id`),
  UNIQUE KEY `identifier` (`identifier`)
) ENGINE=InnoDB AUTO_INCREMENT=21 DEFAULT CHARSET=utf8;
/*!40101 SET character_set_client = @saved_cs_client */;

--
-- Dumping data for table `Application_g7product`
--

LOCK TABLES `Application_g7product` WRITE;
/*!40000 ALTER TABLE `Application_g7product` DISABLE KEYS */;
INSERT INTO `Application_g7product` VALUES (1,0,0,0,849,'1.0',3,'16072910470373','MarsX','','product/icon/20160729104930.png','09a5a736998f3096af88ba4027855814','com.marsplat.marsx','2016-07-28 08:29:46','2016-12-02 02:52:31',2),(2,0,0,0,39,'2.4',35,'161216182703259','壁纸HD','','product/icon/20160729110933.png','8ee7dc5554913d3f8d3f32a5ab3f6c78','com.tandy.wallpaper.pid39ch5','2016-07-29 01:40:53','2016-12-16 10:39:57',36),(4,0,0,0,28,'1.7',9,'16080217381787','平板助手','','application/icon/default_icon.png','1514b0263d0c3c6eae0aaf3e1139c6e4','com.gao7.padmanager.ch03.test','2016-08-01 02:16:59','2016-08-02 09:45:19',30),(6,0,0,0,37,'2.5.2',38,'170210102320280','壁纸HD','','product/icon/20160805094928.png','678aad38c4c23d7b8dddb15f5cd44ec7','com.gao7.dev4Push','2016-08-05 01:49:28','2017-02-10 02:34:17',36),(7,1,0,0,62,'1.0',2,'1.0','微商水印助手','','product/icon/20160805182714.png','5718fae5719f338abbb758308f241c84','com.e-design.cmtool','2016-08-05 10:27:14','2017-01-05 07:20:33',31),(9,0,0,0,63,'1.1.1',3,'16093010111920','PokeRadar','','product/icon/20160818142951.png','8ddcaf4ba2fc3d5ab6a4f5c5a9055133','com.yumo.pokeradar','2016-08-18 06:29:51','2016-10-09 01:42:20',2),(10,0,0,0,64,'1.2',3,'17012317271775','TDSimpleWallpaper','','product/icon/20160908163554.png','b79648b5f6af4fdfb8a5a2e7a46e358a','com.tandy.TDSimpleWallpaper','2016-09-08 08:35:54','2017-01-23 09:31:50',NULL),(11,0,0,0,999,'1.0',999,'17011014224215','999广告测试','','product/icon/2.jpg','113c7bf41f7b39e8b4d3c6bd31cd68bc','com.gao7.dev4Push','2016-09-12 07:27:12','2017-01-10 06:33:06',50),(12,0,0,0,302,'1.2.3',7,'161018092515236','玩美壁纸','','product/icon/20161008162315.png','dd942cfd73303d1189bdce6b0368f39d','com.gao7.wallpaper','2016-10-08 08:23:15','2016-10-18 01:34:11',31),(13,0,0,0,0,'1.0',0,'170112101943109','联运SDK','','application/icon/default_icon.png','20d603ddad453c6d8bbcfd9e67eea600','com.ungame.sdk.UNGameDemo','2016-11-18 04:00:48','2017-01-12 02:21:57',37),(15,0,0,0,601,'1.6.0',10600,'201612281025','IN货','','product/icon/20161226114932.png','db89a0b6b915335db319f9b348b9b49b','com.jianeng.technology','2016-12-26 03:49:32','2016-12-28 07:30:34',58),(16,0,0,0,29,'1.0',0,'16122817025222','电池大师','','product/icon/20161228143242.png','4ad31b01ced240f3a6983d75f0d07783','com.battery.master','2016-12-28 06:32:42','2016-12-28 09:06:01',NULL),(17,0,0,0,100001,'1.0',0,'17011916490717','37376','','product/icon/20161229183514.png','7680e42153dd3a95a8e5a6c76a2ab0f5','com.yunfeng.37376.app','2016-12-29 10:35:14','2017-01-19 08:50:44',50),(18,0,0,0,65,'1.0',1,'17012310394421','加粉神器','','product/icon/加粉2.png','0de3d37211db3e6291ecea46dfd71da4','com.jfsq.tool','2017-01-04 09:11:05','2017-01-23 02:50:21',31),(19,0,0,0,52,'1.2.5',0,'17011010305680','清理大师','','product/icon/20170109102455.png','2b405bc15b7d4602b8719a745c0331a5','com.cleanup.masters.pid52ch3','2017-01-09 02:24:55','2017-01-10 02:35:08',NULL),(20,0,0,0,608,'1.3.0',10300,'201701131729','新闻快讯','','product/icon/20170111102721.png','66b192de1a5b4177a6e30a76c45e4c7c','com.jianeng.newsflash','2017-01-11 02:27:21','2017-01-13 10:30:06',NULL);
/*!40000 ALTER TABLE `Application_g7product` ENABLE KEYS */;
UNLOCK TABLES;

--
-- Table structure for table `Application_g7product_applications`
--

DROP TABLE IF EXISTS `Application_g7product_applications`;
/*!40101 SET @saved_cs_client     = @@character_set_client */;
/*!40101 SET character_set_client = utf8 */;
CREATE TABLE `Application_g7product_applications` (
  `id` int(11) NOT NULL AUTO_INCREMENT,
  `g7product_id` int(11) NOT NULL,
  `g7application_id` int(11) NOT NULL,
  PRIMARY KEY (`id`),
  UNIQUE KEY `Application_g7product_applications_g7product_id_6ba9293b_uniq` (`g7product_id`,`g7application_id`),
  KEY `Applic_g7application_id_d715679a_fk_Application_g7application_id` (`g7application_id`),
  CONSTRAINT `Application_g7_g7product_id_703f1005_fk_Application_g7product_id` FOREIGN KEY (`g7product_id`) REFERENCES `Application_g7product` (`id`),
  CONSTRAINT `Applic_g7application_id_d715679a_fk_Application_g7application_id` FOREIGN KEY (`g7application_id`) REFERENCES `Application_g7application` (`id`)
) ENGINE=InnoDB AUTO_INCREMENT=284 DEFAULT CHARSET=utf8;
/*!40101 SET character_set_client = @saved_cs_client */;

--
-- Dumping data for table `Application_g7product_applications`
--

LOCK TABLES `Application_g7product_applications` WRITE;
/*!40000 ALTER TABLE `Application_g7product_applications` DISABLE KEYS */;
INSERT INTO `Application_g7product_applications` VALUES (6,1,6),(134,1,140),(136,1,142),(7,2,7),(8,2,8),(10,2,10),(11,2,11),(12,2,12),(13,2,13),(14,2,14),(15,2,15),(73,2,71),(171,2,177),(177,2,183),(179,2,185),(181,2,187),(185,2,191),(186,2,192),(16,4,16),(18,4,18),(19,4,19),(21,6,21),(23,6,23),(27,6,24),(28,6,25),(29,6,26),(30,6,27),(32,6,29),(36,6,34),(39,6,37),(42,6,40),(43,6,41),(44,6,42),(104,6,102),(105,6,103),(106,6,104),(108,6,106),(110,6,108),(111,6,109),(113,6,111),(135,6,141),(137,6,143),(138,6,144),(139,6,145),(141,6,147),(143,6,149),(148,6,154),(151,6,157),(152,6,158),(153,6,159),(154,6,160),(156,6,162),(161,6,167),(163,6,169),(164,6,170),(271,6,278),(272,6,279),(274,6,281),(275,6,282),(277,6,286),(283,6,292),(24,7,9),(26,7,17),(25,7,20),(22,7,22),(31,7,28),(35,7,32),(38,7,36),(40,7,38),(41,7,39),(45,7,43),(46,7,44),(47,7,45),(48,7,46),(49,7,47),(50,7,48),(51,7,49),(52,7,50),(72,7,70),(74,7,72),(75,7,73),(77,7,75),(79,7,77),(80,7,78),(122,7,120),(124,7,122),(126,7,129),(127,7,130),(128,7,131),(130,7,133),(131,7,134),(140,7,146),(142,7,148),(144,7,150),(147,7,153),(150,7,156),(196,7,202),(197,7,203),(201,7,207),(33,9,30),(34,9,31),(37,9,35),(59,9,57),(60,9,58),(61,9,59),(62,9,60),(63,9,61),(64,9,62),(65,9,63),(66,9,64),(68,9,66),(71,9,69),(78,9,76),(53,10,51),(54,10,52),(55,10,53),(57,10,55),(58,10,56),(69,10,67),(90,10,88),(93,10,91),(118,10,116),(279,10,288),(281,10,290),(282,10,291),(56,11,54),(67,11,65),(70,11,68),(76,11,74),(84,11,82),(96,11,94),(97,11,95),(98,11,96),(99,11,97),(103,11,101),(107,11,105),(109,11,107),(112,11,110),(114,11,112),(115,11,113),(116,11,114),(117,11,115),(129,11,132),(213,11,219),(248,11,254),(81,12,79),(82,12,80),(83,12,81),(85,12,83),(86,12,84),(87,12,85),(88,12,86),(89,12,87),(91,12,89),(92,12,90),(94,12,92),(95,12,93),(100,12,98),(101,12,99),(102,12,100),(119,13,117),(120,13,118),(121,13,119),(123,13,121),(125,13,123),(132,13,137),(133,13,139),(145,13,151),(146,13,152),(149,13,155),(155,13,161),(157,13,163),(158,13,164),(159,13,165),(160,13,166),(162,13,168),(165,13,171),(166,13,172),(167,13,173),(168,13,174),(169,13,175),(170,13,176),(172,13,178),(173,13,179),(174,13,180),(175,13,181),(176,13,182),(178,13,184),(180,13,186),(182,13,188),(183,13,189),(184,13,190),(187,13,193),(188,13,194),(189,13,195),(190,13,196),(191,13,197),(192,13,198),(193,13,199),(194,13,200),(199,13,205),(202,13,208),(203,13,209),(204,13,210),(205,13,211),(206,13,212),(208,13,214),(209,13,215),(210,13,216),(211,13,217),(212,13,218),(216,13,222),(217,13,223),(219,13,225),(220,13,226),(221,13,227),(222,13,228),(223,13,229),(224,13,230),(226,13,232),(227,13,233),(228,13,234),(229,13,235),(237,13,243),(241,13,247),(242,13,248),(243,13,249),(244,13,250),(247,13,253),(249,13,255),(250,13,256),(251,13,257),(252,13,258),(253,13,259),(255,13,261),(256,13,262),(257,13,263),(259,13,265),(261,13,267),(262,13,268),(263,13,269),(265,13,271),(266,13,272),(267,13,273),(198,15,204),(200,15,206),(207,15,213),(215,15,221),(214,16,220),(218,16,224),(225,17,231),(233,17,239),(239,17,245),(245,17,251),(254,17,260),(264,17,270),(270,17,277),(273,17,280),(276,17,283),(278,17,287),(230,18,236),(232,18,238),(234,18,240),(236,18,242),(238,18,244),(240,18,246),(280,18,289),(235,19,241),(246,19,252),(258,20,264),(260,20,266),(268,20,274),(269,20,276);
/*!40000 ALTER TABLE `Application_g7product_applications` ENABLE KEYS */;
UNLOCK TABLES;

--
-- Table structure for table `Application_g7product_members`
--

DROP TABLE IF EXISTS `Application_g7product_members`;
/*!40101 SET @saved_cs_client     = @@character_set_client */;
/*!40101 SET character_set_client = utf8 */;
CREATE TABLE `Application_g7product_members` (
  `id` int(11) NOT NULL AUTO_INCREMENT,
  `g7product_id` int(11) NOT NULL,
  `g7user_id` int(11) NOT NULL,
  PRIMARY KEY (`id`),
  UNIQUE KEY `Application_g7product_members_g7product_id_3cbc0fa1_uniq` (`g7product_id`,`g7user_id`)
) ENGINE=InnoDB AUTO_INCREMENT=27 DEFAULT CHARSET=utf8;
/*!40101 SET character_set_client = @saved_cs_client */;

--
-- Dumping data for table `Application_g7product_members`
--

LOCK TABLES `Application_g7product_members` WRITE;
/*!40000 ALTER TABLE `Application_g7product_members` DISABLE KEYS */;
INSERT INTO `Application_g7product_members` VALUES (1,1,2),(2,2,36),(4,4,30),(5,6,36),(7,7,3),(8,7,15),(6,7,31),(9,9,2),(10,10,36),(13,11,2),(16,11,31),(14,11,36),(15,12,31),(18,13,30),(22,13,50),(17,13,51),(20,15,58),(21,16,30),(23,17,50),(24,18,31),(25,19,30),(26,20,58);
/*!40000 ALTER TABLE `Application_g7product_members` ENABLE KEYS */;
UNLOCK TABLES;

--
-- Table structure for table `Feedback_g7feedbackmodel`
--

DROP TABLE IF EXISTS `Feedback_g7feedbackmodel`;
/*!40101 SET @saved_cs_client     = @@character_set_client */;
/*!40101 SET character_set_client = utf8 */;
CREATE TABLE `Feedback_g7feedbackmodel` (
  `id` int(11) NOT NULL AUTO_INCREMENT,
  `username` varchar(200) DEFAULT NULL,
  `contact` varchar(200) DEFAULT NULL,
  `context` longtext NOT NULL,
  PRIMARY KEY (`id`)
) ENGINE=InnoDB DEFAULT CHARSET=utf8;
/*!40101 SET character_set_client = @saved_cs_client */;

--
-- Dumping data for table `Feedback_g7feedbackmodel`
--

LOCK TABLES `Feedback_g7feedbackmodel` WRITE;
/*!40000 ALTER TABLE `Feedback_g7feedbackmodel` DISABLE KEYS */;
/*!40000 ALTER TABLE `Feedback_g7feedbackmodel` ENABLE KEYS */;
UNLOCK TABLES;

--
-- Table structure for table `Push_g7pushnotificatintoken`
--

DROP TABLE IF EXISTS `Push_g7pushnotificatintoken`;
/*!40101 SET @saved_cs_client     = @@character_set_client */;
/*!40101 SET character_set_client = utf8 */;
CREATE TABLE `Push_g7pushnotificatintoken` (
  `id` int(11) NOT NULL AUTO_INCREMENT,
  `token` varchar(150) NOT NULL,
  PRIMARY KEY (`id`),
  UNIQUE KEY `token` (`token`)
) ENGINE=InnoDB AUTO_INCREMENT=48 DEFAULT CHARSET=utf8;
/*!40101 SET character_set_client = @saved_cs_client */;

--
-- Dumping data for table `Push_g7pushnotificatintoken`
--

LOCK TABLES `Push_g7pushnotificatintoken` WRITE;
/*!40000 ALTER TABLE `Push_g7pushnotificatintoken` DISABLE KEYS */;
INSERT INTO `Push_g7pushnotificatintoken` VALUES (12,'0ba1f8d5073cb0592cddc21d36e8ec23e57bd59c8b6873a5e076316312850a19'),(9,'0c9e40c9bd07654c8fc84c777d657f78994ac8df55a80fb82c93552929e9c1a4'),(29,'0ebf123ba3ac8ccf3dedd3596e21f14767f2e0bea66983862a87844e6526d974'),(25,'1a1f2fa75003d5c47519b52cb444a5ebdad6c327ff4a87d85a9c34927c83f7f6'),(3,'1cb619562480f9eaf9c33626dcb8a89177d1a83c945ea1e7f218be7cc7201be8'),(23,'1d80e8e6f23cde326ab5adb226cc7fdbcd5550cddb9df5b286e577b76c67f52c'),(36,'245adf9191d3aa53f0bda0f7671da4c6e4efd1c121ae1c4aa3a4870b1ac17485'),(14,'2c01d58a11ba53430d39aa7d6595990f65d3c59e2dd505b4daa9eb2fa71b901d'),(8,'2c55f20677590b328aef19267ed0bdbb115c4452c76e926b4cecad6826ffca26'),(24,'2faf0b901a6aecf86f0790862b4bb91c44094789eb5f24569fcca74188de370a'),(15,'32603e44457230ba50361e8a955621d4d0b9806b193a564522da3d346350a9cb'),(32,'4c2806ba4408d5768a3a13fbc5ab76291caba4ed319b101c9fd9a3262334599a'),(10,'4c7b5fb0ad34a15f4a86519592c04644206ce207b55610019ac195a69c948891'),(43,'4fa4a8426b809c4eda69a8dbc09d23bae115e622a29285e914dadf1c0279c11e'),(21,'534c01add05cb51961fe4a2ce8cabbbaf3fb1abd5a2f7746b0bcf49c3a65ceed'),(40,'5469bcdf13e2932228b868f6bf376e8b90c01de13193cdc313f4f511748f4528'),(19,'6dfe059c46866573892cbecd4cb2cf7d17aa739de2c2cc1ad495f5f4480d5453'),(41,'71715407d4bca2517b159550abfae1b9ae3cd02dce482ceb6cb5fe87fa973d63'),(13,'7f2530b3d0fb9cb667f4d6874342aa0c13602c94a2b6410e8453a4b4e80a35fb'),(27,'80a11d360417ff4d9e66d58b6b9a3285b6090c6ae0eced7f0e4638e6854e1b0a'),(42,'875484a6613eabff7426b14962fedf01559623b55d594e0efd1cb21e9b6c03ae'),(18,'922b683a81133ed5c43ccf9b257c1e9c0f5299384c27ec9885c3f119dfb5bb68'),(22,'966b98b53beb9eb966ecaef0ede4a321a7af2aceb3269d9f9b7f83c0516ffeb4'),(28,'9f4f24bf78928ac88c829c9f7cb238acf2a1d779f8b7ea4b2e0e1cbc8fd3b286'),(6,'a08683f8064b0fbdebd172d235835a2c75ccb9d067614317a8fd6067a8d01af8'),(7,'a197f78798cc48b5223150c38a90a5f0722b02e7426edfddebc1006b83dc7441'),(2,'af8bc816c006a07ceeadfffcce436a7e315a82d90f2e2bc45f0150dac0c06f86'),(47,'cd2babb4c4aac9d821293547bf60b8114897e734fe745aa452f4c256ddcefedc'),(38,'cdfadf5218da6c6945d5cde8a062f1cccb479a1e0a18c40fe841c8a25e5010a9'),(1,'d25931069523995e939cdb990002f03871c2871c8076ced8899d1fc8144b5bec'),(44,'d40e0abc76fc749c4fc8c82d0770e92604cbda3792738c6b073fbe0dbf1394c5'),(16,'d6fd34ab413ded9d1bc3d8e24e30357277077a1aca08907e807a7b12a87fff5b'),(4,'d7d33c46994a9c8411c9d5d7e708a6118a56e86e5cf1f8b2b06e0eabfa79f4c6'),(30,'d7f281476fea9e2fec5fb9ce48a99d7f8697351ea55591f62b9c95599da0d6c7'),(46,'da0ca2bedad144113e3d66226f8a7ba8b4e2aa7caa249699ca4db6bf4d6fa1c6'),(17,'da3e8cfb809b8f2b753ea224d5ed6f113dfc5bff026354f346f7e5afe93473f1'),(5,'de8b8fd243ad3a59b35ba174dd697aec8cccb4be5fefd9d93422eb7de1b8419a'),(37,'de9afcd0a19f30cba1f617da656aeeb4a1beb1ad84f7fa71922f7a28023f8c06'),(11,'e2ece5dd4921a392d1efa15e3a56d7e45aea1c1c4191574a295cba4efdc78ecc'),(31,'e524ef66d945c36810afb909e8ea4949e3b86f58b2ac4b8cc6147b84e75567bb'),(26,'e62abd63eca7b8ab7be518ef22537f3d0bfed79e82030f00d69f233bdb919138'),(39,'e8d8215e79ed869230814b9d5ea3d32c382dfc88fa7513b0160605bd39ce588d'),(20,'eabd4ee7e762d9162572b3c3ee671e3ae7052567dbcbf39a9d6f386def5ea071'),(34,'eff3e32135fee9e2be315678a91b1344ed99420ffad297e428141a9543deb73e'),(33,'f58a1ee1227960f37d86c1c58c249b79b73dbbcead3300b09b8ad2452b4905b7'),(45,'f5b66fb73911e25fdef7f058b07d879df817e8c8dcfac28062a51271f8a04f01'),(35,'fa7a8c361f9ef34c6a2e501845f76c3054172de38b40592914aa6351b9ced404');
/*!40000 ALTER TABLE `Push_g7pushnotificatintoken` ENABLE KEYS */;
UNLOCK TABLES;

--
-- Table structure for table `Push_g7pushprofile`
--

DROP TABLE IF EXISTS `Push_g7pushprofile`;
/*!40101 SET @saved_cs_client     = @@character_set_client */;
/*!40101 SET character_set_client = utf8 */;
CREATE TABLE `Push_g7pushprofile` (
  `id` int(11) NOT NULL AUTO_INCREMENT,
  `identifier` varchar(100) NOT NULL,
  `name` varchar(100) NOT NULL,
  `p12file` varchar(100) NOT NULL,
  `p12password` varchar(100) DEFAULT NULL,
  `private_pem_file` varchar(100) DEFAULT NULL,
  `public_pem_file` varchar(100) DEFAULT NULL,
  `using` tinyint(1) NOT NULL,
  `use_sandbox` tinyint(1) NOT NULL,
  PRIMARY KEY (`id`),
  UNIQUE KEY `identifier` (`identifier`)
) ENGINE=InnoDB AUTO_INCREMENT=3 DEFAULT CHARSET=utf8;
/*!40101 SET character_set_client = @saved_cs_client */;

--
-- Dumping data for table `Push_g7pushprofile`
--

LOCK TABLES `Push_g7pushprofile` WRITE;
/*!40000 ALTER TABLE `Push_g7pushprofile` DISABLE KEYS */;
INSERT INTO `Push_g7pushprofile` VALUES (2,'e2714f2c054d368b9217bb9923d6fa87','MarsX','push/profile/push_dis.p12','123654','push/profile/private/c9983a8f56963721859fec145c9f7847','push/profile/public/758c673b431f3fa7a858d4625d57e394',1,0);
/*!40000 ALTER TABLE `Push_g7pushprofile` ENABLE KEYS */;
UNLOCK TABLES;

--
-- Table structure for table `auth_group`
--

DROP TABLE IF EXISTS `auth_group`;
/*!40101 SET @saved_cs_client     = @@character_set_client */;
/*!40101 SET character_set_client = utf8 */;
CREATE TABLE `auth_group` (
  `id` int(11) NOT NULL AUTO_INCREMENT,
  `name` varchar(80) NOT NULL,
  PRIMARY KEY (`id`),
  UNIQUE KEY `name` (`name`)
) ENGINE=InnoDB DEFAULT CHARSET=utf8;
/*!40101 SET character_set_client = @saved_cs_client */;

--
-- Dumping data for table `auth_group`
--

LOCK TABLES `auth_group` WRITE;
/*!40000 ALTER TABLE `auth_group` DISABLE KEYS */;
/*!40000 ALTER TABLE `auth_group` ENABLE KEYS */;
UNLOCK TABLES;

--
-- Table structure for table `auth_group_permissions`
--

DROP TABLE IF EXISTS `auth_group_permissions`;
/*!40101 SET @saved_cs_client     = @@character_set_client */;
/*!40101 SET character_set_client = utf8 */;
CREATE TABLE `auth_group_permissions` (
  `id` int(11) NOT NULL AUTO_INCREMENT,
  `group_id` int(11) NOT NULL,
  `permission_id` int(11) NOT NULL,
  PRIMARY KEY (`id`),
  UNIQUE KEY `auth_group_permissions_group_id_0cd325b0_uniq` (`group_id`,`permission_id`),
  KEY `auth_group_permissi_permission_id_84c5c92e_fk_auth_permission_id` (`permission_id`),
  CONSTRAINT `auth_group_permissions_group_id_b120cbf9_fk_auth_group_id` FOREIGN KEY (`group_id`) REFERENCES `auth_group` (`id`),
  CONSTRAINT `auth_group_permissi_permission_id_84c5c92e_fk_auth_permission_id` FOREIGN KEY (`permission_id`) REFERENCES `auth_permission` (`id`)
) ENGINE=InnoDB DEFAULT CHARSET=utf8;
/*!40101 SET character_set_client = @saved_cs_client */;

--
-- Dumping data for table `auth_group_permissions`
--

LOCK TABLES `auth_group_permissions` WRITE;
/*!40000 ALTER TABLE `auth_group_permissions` DISABLE KEYS */;
/*!40000 ALTER TABLE `auth_group_permissions` ENABLE KEYS */;
UNLOCK TABLES;

--
-- Table structure for table `auth_permission`
--

DROP TABLE IF EXISTS `auth_permission`;
/*!40101 SET @saved_cs_client     = @@character_set_client */;
/*!40101 SET character_set_client = utf8 */;
CREATE TABLE `auth_permission` (
  `id` int(11) NOT NULL AUTO_INCREMENT,
  `name` varchar(255) NOT NULL,
  `content_type_id` int(11) NOT NULL,
  `codename` varchar(100) NOT NULL,
  PRIMARY KEY (`id`),
  UNIQUE KEY `auth_permission_content_type_id_01ab375a_uniq` (`content_type_id`,`codename`),
  CONSTRAINT `auth_permissi_content_type_id_2f476e4b_fk_django_content_type_id` FOREIGN KEY (`content_type_id`) REFERENCES `django_content_type` (`id`)
) ENGINE=InnoDB AUTO_INCREMENT=37 DEFAULT CHARSET=utf8;
/*!40101 SET character_set_client = @saved_cs_client */;

--
-- Dumping data for table `auth_permission`
--

LOCK TABLES `auth_permission` WRITE;
/*!40000 ALTER TABLE `auth_permission` DISABLE KEYS */;
INSERT INTO `auth_permission` VALUES (1,'Can add log entry',1,'add_logentry'),(2,'Can change log entry',1,'change_logentry'),(3,'Can delete log entry',1,'delete_logentry'),(4,'Can add permission',2,'add_permission'),(5,'Can change permission',2,'change_permission'),(6,'Can delete permission',2,'delete_permission'),(7,'Can add group',3,'add_group'),(8,'Can change group',3,'change_group'),(9,'Can delete group',3,'delete_group'),(10,'Can add content type',4,'add_contenttype'),(11,'Can change content type',4,'change_contenttype'),(12,'Can delete content type',4,'delete_contenttype'),(13,'Can add session',5,'add_session'),(14,'Can change session',5,'change_session'),(15,'Can delete session',5,'delete_session'),(16,'Can add 群组',6,'add_g7group'),(17,'Can change 群组',6,'change_g7group'),(18,'Can delete 群组',6,'delete_g7group'),(19,'Can add 用户',7,'add_g7user'),(20,'Can change 用户',7,'change_g7user'),(21,'Can delete 用户',7,'delete_g7user'),(22,'Can add 反馈',8,'add_g7feedbackmodel'),(23,'Can change 反馈',8,'change_g7feedbackmodel'),(24,'Can delete 反馈',8,'delete_g7feedbackmodel'),(25,'Can add 产品',9,'add_g7product'),(26,'Can change 产品',9,'change_g7product'),(27,'Can delete 产品',9,'delete_g7product'),(28,'Can add 应用',10,'add_g7application'),(29,'Can change 应用',10,'change_g7application'),(30,'Can delete 应用',10,'delete_g7application'),(31,'Can add 推送',11,'add_g7pushprofile'),(32,'Can change 推送',11,'change_g7pushprofile'),(33,'Can delete 推送',11,'delete_g7pushprofile'),(34,'Can add 推送标识码',12,'add_g7pushnotificatintoken'),(35,'Can change 推送标识码',12,'change_g7pushnotificatintoken'),(36,'Can delete 推送标识码',12,'delete_g7pushnotificatintoken');
/*!40000 ALTER TABLE `auth_permission` ENABLE KEYS */;
UNLOCK TABLES;

--
-- Table structure for table `django_admin_log`
--

DROP TABLE IF EXISTS `django_admin_log`;
/*!40101 SET @saved_cs_client     = @@character_set_client */;
/*!40101 SET character_set_client = utf8 */;
CREATE TABLE `django_admin_log` (
  `id` int(11) NOT NULL AUTO_INCREMENT,
  `action_time` datetime NOT NULL,
  `object_id` longtext,
  `object_repr` varchar(200) NOT NULL,
  `action_flag` smallint(5) unsigned NOT NULL,
  `change_message` longtext NOT NULL,
  `content_type_id` int(11) DEFAULT NULL,
  `user_id` int(11) NOT NULL,
  PRIMARY KEY (`id`),
  KEY `django_admin__content_type_id_c4bce8eb_fk_django_content_type_id` (`content_type_id`),
  KEY `django_admin_log_user_id_c564eba6_fk_Account_g7user_id` (`user_id`),
  CONSTRAINT `django_admin_log_user_id_c564eba6_fk_Account_g7user_id` FOREIGN KEY (`user_id`) REFERENCES `Account_g7user` (`id`),
  CONSTRAINT `django_admin__content_type_id_c4bce8eb_fk_django_content_type_id` FOREIGN KEY (`content_type_id`) REFERENCES `django_content_type` (`id`)
) ENGINE=InnoDB AUTO_INCREMENT=220 DEFAULT CHARSET=utf8;
/*!40101 SET character_set_client = @saved_cs_client */;

--
-- Dumping data for table `django_admin_log`
--

LOCK TABLES `django_admin_log` WRITE;
/*!40000 ALTER TABLE `django_admin_log` DISABLE KEYS */;
INSERT INTO `django_admin_log` VALUES (1,'2016-07-28 07:48:04','1','1.MarsX',1,'Added.',11,1),(2,'2016-07-28 08:23:24','2','2.yuyang',1,'Added.',7,1),(3,'2016-07-28 08:23:49','2','2.余洋',2,'已修改 realname 和 email_vip 。',7,1),(4,'2016-07-28 08:25:12','2','2.余洋',2,'已修改 job 。',7,1),(5,'2016-07-28 08:25:22','2','2.余洋',2,'已修改 username 。',7,1),(6,'2016-07-28 08:41:57','1','1.MarsX',2,'已修改 owner 。',9,1),(7,'2016-07-28 08:42:22','3','3.595',1,'Added.',7,1),(8,'2016-07-28 08:43:32','3','3.陈冷耀',2,'已修改 realname 和 is_admin 。',7,1),(9,'2016-07-28 08:43:45','3','3.陈冷耀',2,'已修改 job 。',7,1),(10,'2016-07-28 08:44:58','4','4.109',1,'Added.',7,3),(11,'2016-07-28 08:45:18','5','5.1160',1,'Added.',7,1),(12,'2016-07-28 08:45:46','4','4.朱如钢',2,'已修改 job 和 realname 。',7,3),(13,'2016-07-28 08:45:57','5','5.陈昕',2,'已修改 job 和 realname 。',7,1),(14,'2016-07-28 08:46:21','6','6.507',1,'Added.',7,1),(15,'2016-07-28 08:46:30','7','7.703',1,'Added.',7,3),(16,'2016-07-28 08:46:40','6','6.黄磊',2,'已修改 job 和 realname 。',7,1),(17,'2016-07-28 08:46:57','8','8.139',1,'Added.',7,1),(18,'2016-07-28 08:47:19','8','8.潘超群',2,'已修改 job 和 realname 。',7,1),(19,'2016-07-28 08:47:47','7','7.温怡春',2,'已修改 job 和 realname 。',7,3),(20,'2016-07-28 08:48:00','8','8.潘超群',2,'已修改 email 。',7,1),(21,'2016-07-28 08:48:22','9','9.365',1,'Added.',7,3),(22,'2016-07-28 08:48:37','9','9.365',2,'已修改 job 和 sex 。',7,3),(23,'2016-07-28 08:48:38','10','10.5',1,'Added.',7,1),(24,'2016-07-28 08:49:00','9','9.左榕艳',2,'已修改 realname 。',7,3),(25,'2016-07-28 08:49:07','10','10.董宇',2,'已修改 job，realname，mobile 和 is_admin 。',7,1),(26,'2016-07-28 08:50:18','11','11.14',1,'Added.',7,3),(27,'2016-07-28 08:50:28','11','11.147',2,'已修改 username 。',7,3),(28,'2016-07-28 08:50:49','2','2.余洋',2,'已修改 email 。',7,1),(29,'2016-07-28 08:50:53','11','11.曹文蔷',2,'已修改 job，sex 和 realname 。',7,3),(30,'2016-07-28 08:50:58','2','2.余洋',2,'已修改 is_admin 。',7,1),(31,'2016-07-28 08:51:20','3','3.陈冷耀',2,'已修改 email 。',7,1),(32,'2016-07-28 08:52:58','5','5.陈昕',2,'已修改 email 。',7,1),(33,'2016-07-28 08:53:18','6','6.黄磊',2,'已修改 email 。',7,1),(34,'2016-07-28 08:53:27','8','8.潘超群',2,'已修改 email 。',7,1),(35,'2016-07-28 08:54:22','12','12.103',1,'Added.',7,1),(36,'2016-07-28 08:54:55','12','12.朱明振',2,'已修改 job 和 realname 。',7,1),(37,'2016-07-28 08:55:21','13','13.306',1,'Added.',7,1),(38,'2016-07-28 08:55:24','14','14.156',1,'Added.',7,3),(39,'2016-07-28 08:55:40','13','13.郑荣锥',2,'已修改 job 和 realname 。',7,1),(40,'2016-07-28 08:55:44','14','14.陈申',2,'已修改 job 和 realname 。',7,3),(41,'2016-07-28 08:56:14','15','15.陈文',1,'Added.',7,3),(42,'2016-07-28 08:57:13','15','15.116',2,'已修改 username 。',7,3),(43,'2016-07-28 08:57:31','15','15.陈文',2,'已修改 job 和 realname 。',7,3),(44,'2016-07-28 08:57:57','16','16.731',1,'Added.',7,3),(45,'2016-07-28 08:58:15','16','16.陈志恒',2,'已修改 job 和 realname 。',7,3),(46,'2016-07-28 08:58:16','1','1.MarsX',2,'已修改 icon 。',9,1),(47,'2016-07-28 08:58:19','16','16.陈志恒',2,'没有字段被修改。',7,3),(48,'2016-07-28 08:58:51','17','17.131',1,'Added.',7,3),(49,'2016-07-28 08:59:16','17','17.郭岚岚',2,'已修改 job 和 realname 。',7,3),(50,'2016-07-28 08:59:40','18','18.129',1,'Added.',7,3),(51,'2016-07-28 09:00:35','18','18.韩瑞峰',2,'已修改 job 和 realname 。',7,3),(52,'2016-07-28 09:01:34','19','19.487',1,'Added.',7,3),(53,'2016-07-28 09:02:52','19','19.黄德炜',2,'已修改 job 和 realname 。',7,3),(54,'2016-07-28 09:03:20','20','20.292',1,'Added.',7,3),(55,'2016-07-28 09:04:42','20','20.292',2,'已修改 job 和 sex 。',7,3),(56,'2016-07-28 09:05:05','20','20.黄兰',2,'已修改 realname 。',7,3),(57,'2016-07-28 09:05:37','21','21.319',1,'Added.',7,3),(58,'2016-07-28 09:05:59','21','21.黄文彬',2,'已修改 job 和 realname 。',7,3),(59,'2016-07-28 09:06:20','22','22.114',1,'Added.',7,3),(60,'2016-07-28 09:08:14','22','22.黄晓春',2,'已修改 job 和 realname 。',7,3),(61,'2016-07-28 09:08:36','23','23.136',1,'Added.',7,3),(62,'2016-07-28 09:08:56','23','23.江云燕',2,'已修改 job，sex 和 realname 。',7,3),(63,'2016-07-28 09:09:22','24','24.499',1,'Added.',7,3),(64,'2016-07-28 09:09:37','24','24.499',2,'已修改 job 和 sex 。',7,3),(65,'2016-07-28 09:09:54','25','25.491',1,'Added.',7,3),(66,'2016-07-28 09:10:43','25','25.林悯明',2,'已修改 job 和 realname 。',7,3),(67,'2016-07-28 09:11:01','26','26.1000',1,'Added.',7,3),(68,'2016-07-28 09:11:16','26','26.林强',2,'已修改 job 和 realname 。',7,3),(69,'2016-07-28 09:11:35','27','27.474',1,'Added.',7,3),(70,'2016-07-28 09:12:05','27','27.林云枫',2,'已修改 job 和 realname 。',7,3),(71,'2016-07-28 09:12:27','28','28.693',1,'Added.',7,3),(72,'2016-07-28 09:12:50','28','28.刘雷',2,'已修改 job 和 realname 。',7,3),(73,'2016-07-28 09:13:13','29','29.424',1,'Added.',7,3),(74,'2016-07-28 09:13:30','29','29.刘培',2,'已修改 job，sex 和 realname 。',7,3),(75,'2016-07-28 09:13:47','30','30.416',1,'Added.',7,3),(76,'2016-07-28 09:14:02','30','30.卢志贤',2,'已修改 job 和 realname 。',7,3),(77,'2016-07-28 09:14:17','31','31.692',1,'Added.',7,3),(78,'2016-07-28 09:14:32','31','31.吕廷元',2,'已修改 job 和 realname 。',7,3),(79,'2016-07-28 09:14:55','32','32.861',1,'Added.',7,3),(80,'2016-07-28 09:15:17','32','32.麦秀香',2,'已修改 job，sex 和 realname 。',7,3),(81,'2016-07-28 09:15:38','33','33.265',1,'Added.',7,3),(82,'2016-07-28 09:15:52','33','33.彭亮亮',2,'已修改 job 和 realname 。',7,3),(83,'2016-07-28 09:16:08','34','34.117',1,'Added.',7,3),(84,'2016-07-28 09:16:29','34','34.施威',2,'已修改 job 和 realname 。',7,3),(85,'2016-07-28 09:16:52','35','35.951',1,'Added.',7,3),(86,'2016-07-28 09:17:10','35','35.苏镇妹',2,'已修改 job 和 realname 。',7,3),(87,'2016-07-28 09:17:37','36','36.142',1,'Added.',7,3),(88,'2016-07-28 09:18:19','36','36.涂勇彬',2,'已修改 job 和 realname 。',7,3),(89,'2016-07-28 09:18:41','37','37.108',1,'Added.',7,3),(90,'2016-07-28 09:18:59','37','37.王明福',2,'已修改 job 和 realname 。',7,3),(91,'2016-07-28 09:19:18','38','38.981',1,'Added.',7,3),(92,'2016-07-28 09:19:39','38','38.翁丽蓉',2,'已修改 job，sex 和 realname 。',7,3),(93,'2016-07-28 09:20:29','39','39.285',1,'Added.',7,3),(94,'2016-07-28 09:20:43','39','39.吴婷',2,'已修改 job，sex 和 realname 。',7,3),(95,'2016-07-28 09:20:59','40','40.199',1,'Added.',7,3),(96,'2016-07-28 09:21:21','40','40.吴玉坤',2,'已修改 job，sex 和 realname 。',7,3),(97,'2016-07-28 09:21:39','41','41.130',1,'Added.',7,3),(98,'2016-07-28 09:21:58','41','41.肖远忠',2,'已修改 job 和 realname 。',7,3),(99,'2016-07-28 09:22:18','42','42.669',1,'Added.',7,3),(100,'2016-07-28 09:22:33','42','42.谢雨蓉',2,'已修改 job，sex 和 realname 。',7,3),(101,'2016-07-28 09:22:53','43','43.439',1,'Added.',7,3),(102,'2016-07-28 09:23:07','43','43.姚丽方',2,'已修改 job，sex 和 realname 。',7,3),(103,'2016-07-28 09:23:35','44','44.124',1,'Added.',7,3),(104,'2016-07-28 09:23:45','44','44.张萍',2,'已修改 job，sex 和 realname 。',7,3),(105,'2016-07-28 09:24:01','45','45.110',1,'Added.',7,3),(106,'2016-07-28 09:24:23','45','45.张如挺',2,'已修改 job 和 realname 。',7,3),(107,'2016-07-28 09:24:43','46','46.793',1,'Added.',7,3),(108,'2016-07-28 09:24:59','46','46.张世鹏',2,'已修改 job 和 realname 。',7,3),(109,'2016-07-28 09:26:17','24','24.莱美娟',2,'已修改 realname 。',7,3),(110,'2016-07-28 09:26:54','2','2.余洋',2,'已修改 mobile 。',7,1),(111,'2016-07-28 09:33:45','24','24.赖美娟',2,'已修改 realname 。',7,1),(112,'2016-07-29 01:17:11','37','37.王明福',2,'已修改 is_admin 。',7,1),(113,'2016-07-29 01:44:54','2','2.壁纸HD',2,'已修改 owner 。',9,1),(114,'2016-07-29 03:15:05','4','4. 壁纸HD_Build160729092624122 At (2016-07-29 09:40:54)',3,'',10,1),(115,'2016-07-29 03:17:17','2','2.壁纸HD',2,'已修改 icon 。',9,1),(116,'2016-07-29 03:17:48','1','1. MarsX_Build16072816261469 At (2016-07-28 16:29:46)',3,'',10,1),(117,'2016-07-29 03:17:48','2','2. MarsX_Build16072816403870 At (2016-07-28 16:44:02)',3,'',10,1),(118,'2016-07-29 03:17:49','3','3. MarsX_Build16072817154571 At (2016-07-28 17:19:09)',3,'',10,1),(119,'2016-07-29 03:17:49','5','5. MarsX_Build16072910230072 At (2016-07-29 10:25:42)',3,'',10,1),(120,'2016-07-29 03:18:19','1','1.MarsX',2,'没有字段被修改。',9,1),(121,'2016-07-29 03:18:42','6','6. MarsX_Build16072910470373 At (2016-07-29 11:18:42)',2,'没有字段被修改。',10,1),(122,'2016-07-29 03:18:56','1','1.MarsX',2,'已修改 icon 。',9,1),(123,'2016-07-29 06:23:08','47','47.502',1,'Added.',7,1),(124,'2016-07-29 06:24:04','47','47.洪衍民',2,'已修改 job，realname 和 email 。',7,1),(125,'2016-07-29 09:26:38','1','1.MarsX',3,'',11,1),(126,'2016-07-29 09:26:53','2','2.MarsX',1,'Added.',11,1),(127,'2016-08-02 08:59:17','4','4.平板助手',2,'已修改 owner 。',9,1),(128,'2016-08-02 08:59:29','3','3.微商工具',2,'已修改 owner 。',9,1),(129,'2016-08-05 08:54:48','48','48.674',1,'Added.',7,1),(130,'2016-08-05 08:55:13','48','48.谢文娟',2,'已修改 job，sex 和 realname 。',7,1),(131,'2016-08-08 01:56:57','7','7.微商工具',2,'已修改 owner 。',9,1),(132,'2016-08-08 01:57:40','6','6.壁纸HD',2,'已修改 owner 。',9,1),(133,'2016-08-08 01:58:09','15','15.陈文',2,'已修改 is_admin 。',7,1),(134,'2016-08-08 02:09:28','4','4.朱如钢',2,'已修改 is_admin 。',7,1),(135,'2016-08-08 02:09:48','25','25.林悯明',2,'已修改 is_admin 。',7,1),(136,'2016-08-08 02:10:13','25','25.林悯明',2,'已修改 is_admin 。',7,1),(137,'2016-08-08 02:12:31','7','7.微商工具',2,'已修改 product_id 。',9,15),(138,'2016-08-08 02:15:25','3','3.微商工具旧',2,'已修改 name 。',9,15),(139,'2016-08-08 02:15:55','7','7.微商工具',2,'已修改 applications 。',9,15),(140,'2016-08-08 02:23:39','7','7.微商水印助手',2,'已修改 name，platform 和 members 。',9,15),(141,'2016-08-08 02:24:00','3','3.微商工具旧',3,'',9,15),(142,'2016-08-08 03:30:19','25','25. 壁纸HD_Build160808104808148 At (2016-08-08 11:30:19)',2,'已修改 file 。',10,1),(143,'2016-08-18 05:38:32','7','7.温怡春',3,'',7,3),(144,'2016-08-24 07:51:02','49','49.475',1,'Added.',7,2),(145,'2016-08-24 07:51:29','49','49.陈燕华',2,'已修改 realname 。',7,2),(146,'2016-09-06 06:45:51','50','50. 微商水印助手_Build0 At (2016-09-06 14:45:51)',1,'Added.',10,2),(147,'2016-09-06 06:46:41','50','50. 微商水印助手-测试站_Build0 At (2016-09-06 14:46:41)',2,'已修改 name 。',10,2),(148,'2016-09-06 06:48:56','50','50. 微商水印助手-测试站_Build0 At (2016-09-06 14:48:56)',2,'已修改 dsymFile 。',10,2),(149,'2016-09-06 06:52:00','50','50. 微商工具-测试站_Build1609061452 At (2016-09-06 14:52:00)',2,'已修改 name 。',10,2),(150,'2016-09-06 07:20:37','50','50. 微商工具-测试站_Build1609061452 At (2016-09-06 15:20:37)',2,'已修改 file 。',10,2),(151,'2016-09-06 07:30:19','50','50. 微商工具-测试站_Build1609061452 At (2016-09-06 15:30:19)',2,'已修改 file 。',10,2),(152,'2016-09-06 07:36:12','50','50. 微商工具-测试站_Build1609061452 At (2016-09-06 15:36:12)',2,'已修改 file 。',10,2),(153,'2016-09-06 09:31:34','50','50. 微商工具-测试站_Build1609061452 At (2016-09-06 17:31:34)',2,'已修改 file 。',10,2),(154,'2016-09-21 06:04:40','11','11.广告包',2,'已修改 name 。',9,2),(155,'2016-09-21 06:04:52','11','11.999广告测试',2,'已修改 name 。',9,2),(156,'2016-09-22 07:12:00','11','11.999广告测试',2,'已修改 icon 。',9,2),(157,'2016-09-22 07:12:11','11','11.999广告测试',2,'已修改 members 。',9,2),(158,'2016-10-09 01:35:59','12','12.玩美壁纸',2,'已修改 owner 。',9,2),(159,'2016-10-09 01:37:24','11','11.999广告测试',2,'没有字段被修改。',9,2),(160,'2016-10-09 01:42:20','9','9.PokeRadar',2,'已修改 owner 。',9,2),(161,'2016-10-09 03:09:16','84','84. 玩美壁纸_Build161009104819200 At (2016-10-09 11:09:16)',2,'已修改 file 。',10,2),(162,'2016-11-03 02:26:14','50','50.397',1,'Added.',7,2),(163,'2016-11-03 02:26:21','11','11.999广告测试',2,'已修改 owner 。',9,2),(164,'2016-11-03 02:26:45','50','50.施凯敏',2,'已修改 job 和 realname 。',7,2),(165,'2016-11-03 02:26:57','50','50.施凯敏',2,'已修改 job 。',7,2),(166,'2016-11-03 02:27:59','50','50.施凯敏',2,'已修改 email 。',7,2),(167,'2016-11-18 03:20:20','51','51.133',1,'Added.',7,2),(168,'2016-11-18 03:20:38','51','51.林超',2,'已修改 job 和 realname 。',7,2),(169,'2016-11-18 06:17:22','13','13.UNGameDemo',2,'已修改 owner 。',9,2),(170,'2016-11-18 06:20:52','13','13.联运SDK',2,'已修改 name 和 owner 。',9,1),(171,'2016-11-18 06:31:23','52','52.翁寿德',1,'Added.',7,1),(172,'2016-11-18 06:32:17','53','53.535',1,'Added.',7,1),(173,'2016-11-18 06:32:50','53','53.林桂香',2,'已修改 job，sex，nickname 和 realname 。',7,1),(174,'2016-11-18 06:33:16','52','52.翁寿德',2,'已修改 nickname 和 realname 。',7,1),(175,'2016-11-18 06:34:17','54','54.1009',1,'Added.',7,1),(176,'2016-11-18 06:34:34','54','54.江聪颖',2,'已修改 job，sex，nickname 和 realname 。',7,1),(177,'2016-11-18 06:35:14','53','53.林桂香',2,'已修改 password 。',7,1),(178,'2016-11-18 07:01:29','55','55.267',1,'Added.',7,1),(179,'2016-11-18 07:01:47','55','55.黄剑艺',2,'已修改 job，nickname 和 realname 。',7,1),(180,'2016-11-18 07:40:38','56','56.248',1,'Added.',7,1),(181,'2016-11-18 07:40:55','56','56.陆轶艺',2,'已修改 job，nickname 和 realname 。',7,1),(182,'2016-11-18 08:13:38','57','57.134',1,'Added.',7,1),(183,'2016-11-18 08:14:05','57','57.陈侃',2,'已修改 job，nickname，realname 和 mobile 。',7,1),(184,'2016-11-25 02:20:44','9','9. 微商工具_Build1607291717222 At (2016-11-25 10:20:44)',2,'已修改 file 。',10,2),(185,'2016-11-29 06:23:38','9','9. 微商工具_Build1607291717222 At (2016-11-29 14:23:38)',2,'已修改 file 。',10,2),(186,'2016-11-30 02:23:28','9','9. 微商工具_Build1607291717222 At (2016-11-30 10:23:28)',2,'已修改 file 。',10,2),(187,'2016-11-30 02:34:54','9','9. 微商工具_Build1607291717222 At (2016-11-30 10:34:54)',2,'已修改 file 。',10,2),(188,'2016-12-01 01:42:56','135','135. 测试包_Build0 At (2016-12-01 09:42:56)',1,'Added.',10,2),(189,'2016-12-01 01:43:09','135','135. 测试包_Build0 At (2016-12-01 09:42:56)',3,'',10,2),(190,'2016-12-01 01:57:07','136','136. 1212_Build0 At (2016-12-01 09:57:07)',1,'Added.',10,2),(191,'2016-12-01 02:28:43','138','138. 2_Build0 At (2016-12-01 10:28:43)',1,'Added.',10,2),(192,'2016-12-01 02:29:04','138','138. 2_Build0 At (2016-12-01 10:28:43)',3,'',10,2),(193,'2016-12-01 02:29:04','136','136. 1212_Build0 At (2016-12-01 09:57:07)',3,'',10,2),(194,'2016-12-05 09:21:27','50','50. 微商工具-测试站_Build1609061452 At (2016-12-05 17:21:27)',2,'已修改 file 。',10,2),(195,'2016-12-05 09:28:57','50','50. 微商工具-测试站_Build1609061452 At (2016-12-05 17:28:57)',2,'已修改 file 。',10,2),(196,'2016-12-05 09:35:11','50','50. 微商工具-测试站_Build1609061452 At (2016-12-05 17:35:11)',2,'已修改 file 。',10,2),(197,'2016-12-05 09:39:46','50','50. 微商工具-测试站_Build1609061452 At (2016-12-05 17:39:46)',2,'已修改 file 。',10,2),(198,'2016-12-05 09:46:03','50','50. 微商工具-测试站_Build1609061452 At (2016-12-05 17:46:03)',2,'已修改 file 。',10,2),(199,'2016-12-05 09:46:49','50','50. 微商工具-测试站_Build1609061452 At (2016-12-05 17:46:49)',2,'已修改 bundleID 。',10,2),(200,'2016-12-22 08:09:28','14','14.电池大师',2,'已修改 owner 。',9,2),(201,'2016-12-26 02:13:03','200','200. 电池大师_Build16122214550716 At (2016-12-26 10:13:03)',2,'已修改 product_id，inner_version 和 channel 。',10,2),(202,'2016-12-26 03:36:59','58','58.370',1,'Added.',7,2),(203,'2016-12-26 03:37:22','58','58.黄振达',2,'已修改 job 和 realname 。',7,2),(204,'2016-12-26 03:50:44','15','15.IN货',2,'已修改 owner 。',9,2),(205,'2016-12-26 03:53:27','59','59.1021',1,'Added.',7,2),(206,'2016-12-26 03:53:45','59','59.陈清婷',2,'已修改 job，sex 和 realname 。',7,2),(207,'2016-12-26 03:54:01','60','60.1139',1,'Added.',7,2),(208,'2016-12-26 03:54:16','60','60.林国敏',2,'已修改 job 和 realname 。',7,2),(209,'2016-12-29 10:22:45','14','14.电池大师',3,'',9,2),(210,'2016-12-29 10:36:07','17','17.UNAppStore',2,'已修改 owner 。',9,2),(211,'2016-12-29 10:37:02','17','17.37376',2,'已修改 name 。',9,2),(212,'2017-01-04 10:18:10','18','18.加粉神器',2,'已修改 name，owner 和 icon 。',9,2),(213,'2017-01-05 07:24:38','237','237. 微商水印工具_Build1.0 At (2017-01-05 15:20:33)',3,'',10,2),(214,'2017-01-10 01:47:26','229','229. 37376_Build1612291817343 At (2017-01-10 09:47:26)',2,'已修改 name 。',10,2),(215,'2017-01-10 01:47:32','231','231. 37376_Build1612291832356 At (2017-01-10 09:47:32)',2,'已修改 name 。',10,2),(216,'2017-01-10 01:47:39','239','239. 37376_Build1701061737278 At (2017-01-10 09:47:39)',2,'已修改 name 。',10,2),(217,'2017-01-10 01:47:45','245','245. 37376_Build1701091740199 At (2017-01-10 09:47:45)',2,'已修改 name 。',10,2),(218,'2017-01-10 02:40:16','61','61.384',1,'Added.',7,2),(219,'2017-01-10 02:40:47','61','61.黄智莺',2,'已修改 job，sex 和 realname 。',7,2);
/*!40000 ALTER TABLE `django_admin_log` ENABLE KEYS */;
UNLOCK TABLES;

--
-- Table structure for table `django_content_type`
--

DROP TABLE IF EXISTS `django_content_type`;
/*!40101 SET @saved_cs_client     = @@character_set_client */;
/*!40101 SET character_set_client = utf8 */;
CREATE TABLE `django_content_type` (
  `id` int(11) NOT NULL AUTO_INCREMENT,
  `app_label` varchar(100) NOT NULL,
  `model` varchar(100) NOT NULL,
  PRIMARY KEY (`id`),
  UNIQUE KEY `django_content_type_app_label_76bd3d3b_uniq` (`app_label`,`model`)
) ENGINE=InnoDB AUTO_INCREMENT=13 DEFAULT CHARSET=utf8;
/*!40101 SET character_set_client = @saved_cs_client */;

--
-- Dumping data for table `django_content_type`
--

LOCK TABLES `django_content_type` WRITE;
/*!40000 ALTER TABLE `django_content_type` DISABLE KEYS */;
INSERT INTO `django_content_type` VALUES (6,'Account','g7group'),(7,'Account','g7user'),(1,'admin','logentry'),(10,'Application','g7application'),(9,'Application','g7product'),(3,'auth','group'),(2,'auth','permission'),(4,'contenttypes','contenttype'),(8,'Feedback','g7feedbackmodel'),(12,'Push','g7pushnotificatintoken'),(11,'Push','g7pushprofile'),(5,'sessions','session');
/*!40000 ALTER TABLE `django_content_type` ENABLE KEYS */;
UNLOCK TABLES;

--
-- Table structure for table `django_migrations`
--

DROP TABLE IF EXISTS `django_migrations`;
/*!40101 SET @saved_cs_client     = @@character_set_client */;
/*!40101 SET character_set_client = utf8 */;
CREATE TABLE `django_migrations` (
  `id` int(11) NOT NULL AUTO_INCREMENT,
  `app` varchar(255) NOT NULL,
  `name` varchar(255) NOT NULL,
  `applied` datetime NOT NULL,
  PRIMARY KEY (`id`)
) ENGINE=InnoDB AUTO_INCREMENT=19 DEFAULT CHARSET=utf8;
/*!40101 SET character_set_client = @saved_cs_client */;

--
-- Dumping data for table `django_migrations`
--

LOCK TABLES `django_migrations` WRITE;
/*!40000 ALTER TABLE `django_migrations` DISABLE KEYS */;
INSERT INTO `django_migrations` VALUES (1,'contenttypes','0001_initial','2016-07-28 06:50:00'),(2,'contenttypes','0002_remove_content_type_name','2016-07-28 06:50:00'),(3,'auth','0001_initial','2016-07-28 06:50:00'),(4,'auth','0002_alter_permission_name_max_length','2016-07-28 06:50:00'),(5,'auth','0003_alter_user_email_max_length','2016-07-28 06:50:00'),(6,'auth','0004_alter_user_username_opts','2016-07-28 06:50:00'),(7,'auth','0005_alter_user_last_login_null','2016-07-28 06:50:00'),(8,'auth','0006_require_contenttypes_0002','2016-07-28 06:50:00'),(9,'auth','0007_alter_validators_add_error_messages','2016-07-28 06:50:00'),(10,'Account','0001_initial','2016-07-28 06:50:00'),(11,'Account','0002_auto_20160728_1449','2016-07-28 06:50:00'),(12,'Application','0001_initial','2016-07-28 06:50:00'),(13,'Feedback','0001_initial','2016-07-28 06:50:00'),(14,'Push','0001_initial','2016-07-28 06:50:00'),(15,'admin','0001_initial','2016-07-28 06:50:00'),(16,'admin','0002_logentry_remove_auto_add','2016-07-28 06:50:00'),(17,'sessions','0001_initial','2016-07-28 06:50:00'),(18,'Application','0002_auto_20160822_1541','2016-08-22 07:41:33');
/*!40000 ALTER TABLE `django_migrations` ENABLE KEYS */;
UNLOCK TABLES;

--
-- Table structure for table `django_session`
--

DROP TABLE IF EXISTS `django_session`;
/*!40101 SET @saved_cs_client     = @@character_set_client */;
/*!40101 SET character_set_client = utf8 */;
CREATE TABLE `django_session` (
  `session_key` varchar(40) NOT NULL,
  `session_data` longtext NOT NULL,
  `expire_date` datetime NOT NULL,
  PRIMARY KEY (`session_key`),
  KEY `django_session_de54fa62` (`expire_date`)
) ENGINE=InnoDB DEFAULT CHARSET=utf8;
/*!40101 SET character_set_client = @saved_cs_client */;

--
-- Dumping data for table `django_session`
--

LOCK TABLES `django_session` WRITE;
/*!40000 ALTER TABLE `django_session` DISABLE KEYS */;
INSERT INTO `django_session` VALUES ('0i2wcehbuj8048pmmx3x0dkbyuv6s6ql','YzAzNTk2MWE3NjE0NmFmZWUxYzg5NDE3NjhhNGNlYjJiMDExMjFlNDp7Il9hdXRoX3VzZXJfYmFja2VuZCI6ImRqYW5nby5jb250cmliLmF1dGguYmFja2VuZHMuTW9kZWxCYWNrZW5kIiwiX2F1dGhfdXNlcl9oYXNoIjoiN2EyMjY3Nzg5MmM3ZGFkMmQ5NWRkM2ZkNGNjMmEwMDYxNTIxMjY1MiIsIl9hdXRoX3VzZXJfaWQiOiIyIn0=','2016-10-05 06:03:53'),('2ixetxbgojvzu1bj1t04xjcfgy6alqxd','MGRmOTZkNjFiYjNlNGE4Njc0YWUyNjRlZTViOWI4MTc3MzQyN2Q0Mjp7Il9hdXRoX3VzZXJfYmFja2VuZCI6ImRqYW5nby5jb250cmliLmF1dGguYmFja2VuZHMuTW9kZWxCYWNrZW5kIiwiX2F1dGhfdXNlcl9oYXNoIjoiYzQzMTUwNzAyNzhhMjY4NDlmNzYzYTA0OTY5OWQxYTE3MjBkZTVhOSIsIl9hdXRoX3VzZXJfaWQiOiIxIn0=','2016-12-02 06:20:02'),('3q9zmold67sefwr4bw9q1kyee1p2hol7','MTAzMjE1ZDdmN2NlYWJmMzdkZWQyMjYyYTdiZTM4ZmIzMDEzNjUyNTp7Il9hdXRoX3VzZXJfaWQiOiIyIiwiX2F1dGhfdXNlcl9oYXNoIjoiN2EyMjY3Nzg5MmM3ZGFkMmQ5NWRkM2ZkNGNjMmEwMDYxNTIxMjY1MiIsIl9hdXRoX3VzZXJfYmFja2VuZCI6ImRqYW5nby5jb250cmliLmF1dGguYmFja2VuZHMuTW9kZWxCYWNrZW5kIn0=','2016-12-19 09:19:46'),('5lezjb5wcwzmy55fz29n1d47itv9xwz1','NjdmMjAxOGMyMjliOTliYTkxMjU0NTMxZTlhY2ZiZDBjMmRiN2ZhNDp7Il9hdXRoX3VzZXJfYmFja2VuZCI6ImRqYW5nby5jb250cmliLmF1dGguYmFja2VuZHMuTW9kZWxCYWNrZW5kIiwiX2F1dGhfdXNlcl9oYXNoIjoiMGEzNjJhNTY5MWJkYjc4MjBiOGE4YTc5MTFlMTBhOTU3MzAyMGQ3MiIsIl9hdXRoX3VzZXJfaWQiOiIxNSJ9','2016-10-14 07:58:55'),('81xrshxciz0avd4i9oevtkjky7gjy82s','NWUyYzZjN2RmMjRmYzk0NTkwZTFiMDIxYWYwNjk3NTAyNjFmNzA3ZTp7Il9hdXRoX3VzZXJfaWQiOiIyIiwiX2F1dGhfdXNlcl9iYWNrZW5kIjoiZGphbmdvLmNvbnRyaWIuYXV0aC5iYWNrZW5kcy5Nb2RlbEJhY2tlbmQiLCJfYXV0aF91c2VyX2hhc2giOiI3YTIyNjc3ODkyYzdkYWQyZDk1ZGQzZmQ0Y2MyYTAwNjE1MjEyNjUyIn0=','2016-09-13 09:24:47'),('an7guaim9xdtsew73os65qe951lmv0bq','ZTIzN2IwZWQwZjRiOWYyZDY1OGQ2Yjg5ZGMzZjFlNjZjNzVkYWRiZTp7Il9hdXRoX3VzZXJfaGFzaCI6IjdhMjI2Nzc4OTJjN2RhZDJkOTVkZDNmZDRjYzJhMDA2MTUyMTI2NTIiLCJfYXV0aF91c2VyX2lkIjoiMiIsIl9hdXRoX3VzZXJfYmFja2VuZCI6ImRqYW5nby5jb250cmliLmF1dGguYmFja2VuZHMuTW9kZWxCYWNrZW5kIn0=','2017-02-21 03:53:29'),('askicdmbk97fzm7tpfxledei7256dfc4','YzAzNTk2MWE3NjE0NmFmZWUxYzg5NDE3NjhhNGNlYjJiMDExMjFlNDp7Il9hdXRoX3VzZXJfYmFja2VuZCI6ImRqYW5nby5jb250cmliLmF1dGguYmFja2VuZHMuTW9kZWxCYWNrZW5kIiwiX2F1dGhfdXNlcl9oYXNoIjoiN2EyMjY3Nzg5MmM3ZGFkMmQ5NWRkM2ZkNGNjMmEwMDYxNTIxMjY1MiIsIl9hdXRoX3VzZXJfaWQiOiIyIn0=','2016-12-02 03:19:44'),('c5pq1005gg1m3ktv2tau1ftwzpxrgxsm','ZTIzN2IwZWQwZjRiOWYyZDY1OGQ2Yjg5ZGMzZjFlNjZjNzVkYWRiZTp7Il9hdXRoX3VzZXJfaGFzaCI6IjdhMjI2Nzc4OTJjN2RhZDJkOTVkZDNmZDRjYzJhMDA2MTUyMTI2NTIiLCJfYXV0aF91c2VyX2lkIjoiMiIsIl9hdXRoX3VzZXJfYmFja2VuZCI6ImRqYW5nby5jb250cmliLmF1dGguYmFja2VuZHMuTW9kZWxCYWNrZW5kIn0=','2017-02-05 06:08:59'),('e3ghhouz50p4w27r1wnz0zn2s2lxqai6','NmFlYWIzNmRkYTY2M2ZjOTVmNzM4N2JhZGY5ZjJjNzIwZGE2MDNhODp7Il9hdXRoX3VzZXJfaGFzaCI6ImM0MzE1MDcwMjc4YTI2ODQ5Zjc2M2EwNDk2OTlkMWExNzIwZGU1YTkiLCJfYXV0aF91c2VyX2JhY2tlbmQiOiJkamFuZ28uY29udHJpYi5hdXRoLmJhY2tlbmRzLk1vZGVsQmFja2VuZCIsIl9hdXRoX3VzZXJfaWQiOiIxIn0=','2016-08-12 02:34:15'),('fgh55ircy0krmk15rsltl5jtltie4s16','NWJmZTc5MDE5YTRkYjQ1ZTQ1MWQ4ZmU4MDYzNTIyNjllY2NhMzYzMzp7Il9hdXRoX3VzZXJfaWQiOiIzIiwiX2F1dGhfdXNlcl9iYWNrZW5kIjoiZGphbmdvLmNvbnRyaWIuYXV0aC5iYWNrZW5kcy5Nb2RlbEJhY2tlbmQiLCJfYXV0aF91c2VyX2hhc2giOiI5MTc0MDY1ZDRlNzg0NjI5Yzk2NzM5ZGZjNjM3MmQ1MzM2MWJiYWYwIn0=','2016-08-11 08:46:51'),('g4r3e3czysv2hjq1tiyqgtwpwjfuedbe','YzAzNTk2MWE3NjE0NmFmZWUxYzg5NDE3NjhhNGNlYjJiMDExMjFlNDp7Il9hdXRoX3VzZXJfYmFja2VuZCI6ImRqYW5nby5jb250cmliLmF1dGguYmFja2VuZHMuTW9kZWxCYWNrZW5kIiwiX2F1dGhfdXNlcl9oYXNoIjoiN2EyMjY3Nzg5MmM3ZGFkMmQ5NWRkM2ZkNGNjMmEwMDYxNTIxMjY1MiIsIl9hdXRoX3VzZXJfaWQiOiIyIn0=','2016-12-09 18:20:38'),('got6jpstj3doxrro28qinl38qx5jrmfy','ZDdjYzI0Y2Y5YjcxNzc4NDc2MDZjYjE1MDgzNDNhNmY5ZTgyZjgxODp7Il9hdXRoX3VzZXJfaWQiOiIxIiwiX2F1dGhfdXNlcl9oYXNoIjoiYzQzMTUwNzAyNzhhMjY4NDlmNzYzYTA0OTY5OWQxYTE3MjBkZTVhOSIsIl9hdXRoX3VzZXJfYmFja2VuZCI6ImRqYW5nby5jb250cmliLmF1dGguYmFja2VuZHMuTW9kZWxCYWNrZW5kIn0=','2016-08-12 06:52:43'),('ibrls7722ewq0kece5xkex1lecsecko8','YjA3M2U5YmZmZTNjMjhlYTdhZGM3MTM1OGZhODkxZGMzYWE4NmMwYjp7Il9hdXRoX3VzZXJfaWQiOiIzIiwiX2F1dGhfdXNlcl9oYXNoIjoiZTk3MTU2OTYwNWU4MTRjYTZiNjUxNjMyZGMwYTUyNjlhYTkxN2I5ZSIsIl9hdXRoX3VzZXJfYmFja2VuZCI6ImRqYW5nby5jb250cmliLmF1dGguYmFja2VuZHMuTW9kZWxCYWNrZW5kIn0=','2016-09-01 05:37:22'),('kkjatsi1p85uvijas9ltpj0ca4jfd516','YzAzNTk2MWE3NjE0NmFmZWUxYzg5NDE3NjhhNGNlYjJiMDExMjFlNDp7Il9hdXRoX3VzZXJfYmFja2VuZCI6ImRqYW5nby5jb250cmliLmF1dGguYmFja2VuZHMuTW9kZWxCYWNrZW5kIiwiX2F1dGhfdXNlcl9oYXNoIjoiN2EyMjY3Nzg5MmM3ZGFkMmQ5NWRkM2ZkNGNjMmEwMDYxNTIxMjY1MiIsIl9hdXRoX3VzZXJfaWQiOiIyIn0=','2016-11-17 02:25:08'),('lelg0le0fzkbqafd6u0fkxglmzbf6dub','Njc3MjEwZTg5MDg0ZGNhZDM1NDMxZDFiMWU2MjQ0YzhlNGMyZjMzMTp7Il9hdXRoX3VzZXJfaWQiOiIxNSIsIl9hdXRoX3VzZXJfaGFzaCI6IjBhMzYyYTU2OTFiZGI3ODIwYjhhOGE3OTExZTEwYTk1NzMwMjBkNzIiLCJfYXV0aF91c2VyX2JhY2tlbmQiOiJkamFuZ28uY29udHJpYi5hdXRoLmJhY2tlbmRzLk1vZGVsQmFja2VuZCJ9','2016-08-22 02:08:42'),('o131m5vsq5s052g3wjnua2h5962rdf9q','ZTIzN2IwZWQwZjRiOWYyZDY1OGQ2Yjg5ZGMzZjFlNjZjNzVkYWRiZTp7Il9hdXRoX3VzZXJfaGFzaCI6IjdhMjI2Nzc4OTJjN2RhZDJkOTVkZDNmZDRjYzJhMDA2MTUyMTI2NTIiLCJfYXV0aF91c2VyX2lkIjoiMiIsIl9hdXRoX3VzZXJfYmFja2VuZCI6ImRqYW5nby5jb250cmliLmF1dGguYmFja2VuZHMuTW9kZWxCYWNrZW5kIn0=','2017-01-19 07:24:18'),('r3wsvk51d728fdrbqryjjomjjnuu8cl6','ODU3ZWFiNGEwNDRlMzJjZTU1YjI3YWRhNTM2YmZiMTI4ZTMyMWQxODp7Il9hdXRoX3VzZXJfaGFzaCI6IjkyZDI2NzIwNGExNmQ3MWE1NzM3MTNkNTY3YzRhMjc3MDEyYjc1N2YiLCJfYXV0aF91c2VyX2lkIjoiMzciLCJfYXV0aF91c2VyX2JhY2tlbmQiOiJkamFuZ28uY29udHJpYi5hdXRoLmJhY2tlbmRzLk1vZGVsQmFja2VuZCJ9','2017-01-30 11:28:22'),('s754pf71aq8gr0nnyo1kioqdbrgl8ccg','ZDdjYzI0Y2Y5YjcxNzc4NDc2MDZjYjE1MDgzNDNhNmY5ZTgyZjgxODp7Il9hdXRoX3VzZXJfaWQiOiIxIiwiX2F1dGhfdXNlcl9oYXNoIjoiYzQzMTUwNzAyNzhhMjY4NDlmNzYzYTA0OTY5OWQxYTE3MjBkZTVhOSIsIl9hdXRoX3VzZXJfYmFja2VuZCI6ImRqYW5nby5jb250cmliLmF1dGguYmFja2VuZHMuTW9kZWxCYWNrZW5kIn0=','2016-09-02 01:12:48'),('s78csly81t827g59yv7i2huo1in2et9y','YzAzNTk2MWE3NjE0NmFmZWUxYzg5NDE3NjhhNGNlYjJiMDExMjFlNDp7Il9hdXRoX3VzZXJfYmFja2VuZCI6ImRqYW5nby5jb250cmliLmF1dGguYmFja2VuZHMuTW9kZWxCYWNrZW5kIiwiX2F1dGhfdXNlcl9oYXNoIjoiN2EyMjY3Nzg5MmM3ZGFkMmQ5NWRkM2ZkNGNjMmEwMDYxNTIxMjY1MiIsIl9hdXRoX3VzZXJfaWQiOiIyIn0=','2016-10-23 01:35:21'),('t6z2f866mvb68jvgsdl5o515wfuz8ax8','NWJmZTc5MDE5YTRkYjQ1ZTQ1MWQ4ZmU4MDYzNTIyNjllY2NhMzYzMzp7Il9hdXRoX3VzZXJfaWQiOiIzIiwiX2F1dGhfdXNlcl9iYWNrZW5kIjoiZGphbmdvLmNvbnRyaWIuYXV0aC5iYWNrZW5kcy5Nb2RlbEJhY2tlbmQiLCJfYXV0aF91c2VyX2hhc2giOiI5MTc0MDY1ZDRlNzg0NjI5Yzk2NzM5ZGZjNjM3MmQ1MzM2MWJiYWYwIn0=','2016-08-11 08:43:45'),('tc9akddwonxper4pe5mw6zur036icv3t','MTAzMjE1ZDdmN2NlYWJmMzdkZWQyMjYyYTdiZTM4ZmIzMDEzNjUyNTp7Il9hdXRoX3VzZXJfaWQiOiIyIiwiX2F1dGhfdXNlcl9oYXNoIjoiN2EyMjY3Nzg5MmM3ZGFkMmQ5NWRkM2ZkNGNjMmEwMDYxNTIxMjY1MiIsIl9hdXRoX3VzZXJfYmFja2VuZCI6ImRqYW5nby5jb250cmliLmF1dGguYmFja2VuZHMuTW9kZWxCYWNrZW5kIn0=','2016-08-26 07:46:39'),('zmm9gmc4k9ct2ow6jab3j8wl6a8bd2bz','MTAzMjE1ZDdmN2NlYWJmMzdkZWQyMjYyYTdiZTM4ZmIzMDEzNjUyNTp7Il9hdXRoX3VzZXJfaWQiOiIyIiwiX2F1dGhfdXNlcl9oYXNoIjoiN2EyMjY3Nzg5MmM3ZGFkMmQ5NWRkM2ZkNGNjMmEwMDYxNTIxMjY1MiIsIl9hdXRoX3VzZXJfYmFja2VuZCI6ImRqYW5nby5jb250cmliLmF1dGguYmFja2VuZHMuTW9kZWxCYWNrZW5kIn0=','2017-01-05 05:48:35');
/*!40000 ALTER TABLE `django_session` ENABLE KEYS */;
UNLOCK TABLES;
/*!40103 SET TIME_ZONE=@OLD_TIME_ZONE */;

/*!40101 SET SQL_MODE=@OLD_SQL_MODE */;
/*!40014 SET FOREIGN_KEY_CHECKS=@OLD_FOREIGN_KEY_CHECKS */;
/*!40014 SET UNIQUE_CHECKS=@OLD_UNIQUE_CHECKS */;
/*!40101 SET CHARACTER_SET_CLIENT=@OLD_CHARACTER_SET_CLIENT */;
/*!40101 SET CHARACTER_SET_RESULTS=@OLD_CHARACTER_SET_RESULTS */;
/*!40101 SET COLLATION_CONNECTION=@OLD_COLLATION_CONNECTION */;
/*!40111 SET SQL_NOTES=@OLD_SQL_NOTES */;

-- Dump completed on 2017-02-10  2:11:18
