<?xml version="1.0" ?>
<uwsgi>
	<enable-threads>true</enable-threads>
	<memory-report>true</memory-report>
	<pythonpath>/Users/jenkins/workspace/G7Platform/G7Platform</pythonpath>
	<pythonpath>/Users/jenkins/workspace/G7Platform/G7Platform/G7Platform</pythonpath>
	<plugin>/usr/lib/uwsgi/py34_plugin.so</plugin>
	<pythonpath>/Users/jenkins/workspace/G7Platform/G7Platform/G7Platform/main/g7admin/</pythonpath>
	<logdate>true</logdate>
	<daemonize>/Users/jenkins/workspace/G7Platform/G7Platform/workspace/log/django/django.log</daemonize>
	<module>wsgi</module>
	<socket>127.0.0.1:8882</socket>
	<processes>8</processes>
	<pidfile>/Users/jenkins/workspace/G7Platform/G7Platform/workspace/profile/nginx/pid/nginx.pid</pidfile>
	<py-programname>python3</py-programname>
	<chdir>/Users/jenkins/workspace/G7Platform/G7Platform/G7Platform/main/g7admin</chdir>
	<pythonpath>/Users/jenkins/workspace/G7Platform/G7Platform/G7Platform/main/g7admin/g7admin/</pythonpath>
	<limit-as>300</limit-as>
	<master>true</master>
	<profiler>true</profiler>
	<listen>80</listen>
</uwsgi>
